url,depth,status_code,issues,title_len,desc_len,h1,title
https://www.bancodebogota.com/atencion-al-cliente,1,200,missing_description,39,15,¿Necesitas ayuda?,Atención al cliente - bancodebogota.com
https://www.bancodebogota.com/alianzas/tarjeta-de-credito/movistar-alianza,1,200,missing_description,36,15,0% de interés en Movistar,Movistar alianza - bancodebogota.com
https://www.bancodebogota.com/pymes,1,404,missing_description;missing_h1;missing_canonical,30,15,,Pagina 404 - bancodebogota.com
https://www.bancodebogota.com/aliados-pyme,1,200,missing_description,32,15,Aliados Banco de Bogotá,Aliados pyme - bancodebogota.com
https://www.bancodebogota.com/alianzas,1,200,title_too_short;missing_description,28,15,Alianzas Banco de Bogotá,Alianzas - bancodebogota.com
https://www.bancodebogota.com/alianzas/tarjeta-de-credito/comprar-apple-sin-intereses,1,200,title_too_short;missing_description,25,15,Estrena iPhone 17 con 0% de interés,Apple - bancodebogota.com
https://www.bancodebogota.com/alianzas/tarjeta-de-credito/mercado-libre,1,200,missing_description,33,15,0% de interés en Mercado Libre,Mercado libre - bancodebogota.com
https://www.bancodebogota.com/atencion-al-cliente/instructivos,1,200,missing_description,32,15,Conoce cómo usar nuestros productos,Instructivos - bancodebogota.com
https://www.bancodebogota.com/alianzas/tarjeta-de-credito/claro,1,200,title_too_short;missing_description,25,15,0% de interés en Claro,Claro - bancodebogota.com
https://www.bancodebogota.com/alianzas/tarjeta-de-credito/decathlon,1,200,title_too_short;missing_description,29,15,0% interés en tiendas físicas Decathlon,Decathlon - bancodebogota.com
https://www.bancodebogota.com/empresas,1,200,title_too_short;missing_description,28,15,La App del Portal Conexión en Línea,Empresas - bancodebogota.com
https://www.bancodebogota.com/alianzas/tarjeta-de-credito/tigo,1,200,title_too_short;missing_description,24,15,0% de interés en Tigo,Tigo - bancodebogota.com
https://www.bancodebogota.com/alianzas/crediconvenio,1,200,missing_description,33,15,"Crediconvenio, compra y llévatelo de una",Crediconvenio - bancodebogota.com
https://www.bancodebogota.com/atencion-al-cliente/canales-de-atencion-presencial/oficinas/centro-atencion-libranza,1,200,missing_description,46,15,Centros de atención libranza,Centros atención libranzas - bancodebogota.com
https://www.bancodebogota.com/alianzas/tarjeta-de-credito,1,200,missing_description,38,15,Estas alianzas son todo lo que buscabas,tarjeta de crédito - bancodebogota.com
https://www.bancodebogota.com/atencion-al-cliente/canales,1,200,title_too_short;missing_description,27,15,Canales del Banco de Bogotá,Canales - bancodebogota.com
https://www.bancodebogota.com/atencion-al-cliente/canales/canales-de-atencion-presencial,1,200,missing_description,50,15,Canales de atención presencial,Canales de atención presencial - bancodebogota.com
https://www.bancodebogota.com/atencion-al-cliente/canales/canales-de-atencion-presencial/oficinas/centro-atencion-libranza-especiales,1,200,title_too_long;missing_description,66,15,Centros servicios especiales,Centro atención libranzas servicios especiales - bancodebogota.com
https://www.bancodebogota.com/atencion-al-cliente/canales/canales-de-atencion-presencial/corresponsales-bancarios,1,200,missing_description,44,15,Corresponsales bancarios,Corresponsales bancarios - bancodebogota.com
https://www.bancodebogota.com/atencion-al-cliente/canales/canales-de-atencion-presencial/corresponsales-bancarios/beneficios-corresponsal,1,200,missing_description,50,15,"Por ser parte de nuestra red, tienes mucho más",Beneficios de ser corresponsal - bancodebogota.com
https://www.bancodebogota.com/atencion-al-cliente/canales/canales-de-atencion-presencial/oficinas/extension-de-oficina,1,200,missing_description,40,15,Extensiones de oficina,Extensión de oficina - bancodebogota.com
https://www.bancodebogota.com/atencion-al-cliente/canales/canales-de-atencion-presencial/corresponsales-bancarios/como-ser-corresponsal,1,200,missing_description,41,15,Conviértete en un corresponsal bancario,Como ser corresponsal - bancodebogota.com
https://www.bancodebogota.com/atencion-al-cliente/canales/canales-de-atencion-presencial/oficinas,1,200,title_too_short;missing_description,28,15,Oficinas Banco de Bogotá,Oficinas - bancodebogota.com
https://www.bancodebogota.com/atencion-al-cliente/canales/canales-de-atencion-presencial/oficinas/autobanco,1,200,title_too_short;missing_description,29,15,Autobanco,Autobanco - bancodebogota.com
https://www.bancodebogota.com/atencion-al-cliente/canales/canales-de-atencion-presencial/oficinas/oficina-express,1,200,missing_description,35,15,Oficina Express,Oficina express - bancodebogota.com
https://www.bancodebogota.com/atencion-al-cliente/canales/canales-de-atencion-presencial/oficinas/centros-especializados-vivienda,1,200,missing_description,53,15,Centros especializados de vivienda,Centro especializados de vivienda - bancodebogota.com
https://www.bancodebogota.com/atencion-al-cliente/canales/canales-de-atencion-presencial/oficinas/oficina-incluyente,1,200,missing_description,38,15,Oficina + incluyente,Oficina incluyente - bancodebogota.com
https://www.bancodebogota.com/atencion-al-cliente/canales/canales-de-atencion-presencial/oficinas/oficina-insignia,1,200,missing_description,37,15,Oficinas insignia,Oficinas insignia - bancodebogota.com
https://www.bancodebogota.com/atencion-al-cliente/canales/canales-de-atencion-presencial/oficinas/oficina-solo-clientes,1,200,missing_description,41,15,Oficinas solo clientes,Oficina solo clientes - bancodebogota.com
https://www.bancodebogota.com/atencion-al-cliente/canales/canales-de-atencion-presencial/oficinas/oficina-joven,1,200,missing_description,33,15,Oficina joven,Oficina joven - bancodebogota.com
https://www.bancodebogota.com/atencion-al-cliente/canales/canales-de-atencion-presencial/oficinas/oficina-recaudos-pagos,1,200,missing_description,41,15,Oficinas de recaudos y pagos,Oficina recaudos pago - bancodebogota.com
https://www.bancodebogota.com/atencion-al-cliente/canales/canales-de-atencion-presencial/oficinas/oficina-tradicional,1,200,missing_description,39,15,Oficina tradicional,Oficina tradicional - bancodebogota.com
https://www.bancodebogota.com/atencion-al-cliente/canales/canales-de-atencion-presencial/oficinas/oficina-premium,1,200,missing_description,35,15,Oficinas premium,Oficina premium - bancodebogota.com
https://www.bancodebogota.com/atencion-al-cliente/canales/canales-de-atencion-presencial/oficinas/oficinas-universales,1,200,missing_description,40,15,Oficinas universales,Oficinas universales - bancodebogota.com
https://www.bancodebogota.com/atencion-al-cliente/canales/canales-digitales,1,200,missing_description,37,15,Soluciones digitales 24/7,Canales digitales - bancodebogota.com
https://www.bancodebogota.com/atencion-al-cliente/canales/canales-digitales/avalpay-center,1,200,missing_description,34,15,AvalPay Center,AvalPay Center - bancodebogota.com
https://www.bancodebogota.com/atencion-al-cliente/canales/canales-digitales/banca-virtual,1,200,missing_description,33,15,Banca Virtual,Banca virtual - bancodebogota.com
https://www.bancodebogota.com/atencion-al-cliente/canales/canales-digitales/token,1,200,title_too_short;missing_description,25,15,Token digital,Token - bancodebogota.com
https://www.bancodebogota.com/atencion-al-cliente/canales/canales-electronicos,1,200,missing_description,40,15,Canales electrónicos,Canales electrónicos - bancodebogota.com
https://www.bancodebogota.com/atencion-al-cliente/canales/canales-digitales/avalpay-center-empresa,1,200,missing_description,42,15,Convierte tu recaudo en una experiencia ágil,AvalPay Center Empresa - bancodebogota.com
https://www.bancodebogota.com/atencion-al-cliente/canales/canales-digitales/banca-movil,1,200,missing_description,31,15,App Banca Móvil,Banca móvil - bancodebogota.com
https://www.bancodebogota.com/atencion-al-cliente/canales/disponibilidad-de-canales,1,200,missing_description,45,15,Disponibilidad de canales,Disponibilidad de canales - bancodebogota.com
https://www.bancodebogota.com/atencion-al-cliente/canales/canales-electronicos/cajeros,1,200,title_too_short;missing_description,27,15,Cajeros automáticos,Cajeros - bancodebogota.com
https://www.bancodebogota.com/atencion-al-cliente/canales/canales-electronicos/multifuncional,1,200,missing_description,34,15,Cajeros multifuncionales,Multifuncional - bancodebogota.com
https://www.bancodebogota.com/atencion-al-cliente/canales/transacciones/consultas,1,200,title_too_short;missing_description,29,15,Consultas,Consultas - bancodebogota.com
https://www.bancodebogota.com/atencion-al-cliente/canales/transacciones/extractos-certificados,1,200,missing_description,44,15,Extractos y certificados,Extractos y certificados - bancodebogota.com
https://www.bancodebogota.com/atencion-al-cliente/canales/transacciones/click-to-pay,1,200,missing_description,32,15,Paga fácil y seguro con Click to Pay,Click to pay - bancodebogota.com
https://www.bancodebogota.com/atencion-al-cliente/canales/transacciones/compras,1,200,title_too_short;missing_description,27,15,Compras,Compras - bancodebogota.com
https://www.bancodebogota.com/atencion-al-cliente/canales/transacciones,1,200,missing_description,33,15,Transacciones,Transacciones - bancodebogota.com
https://www.bancodebogota.com/atencion-al-cliente/canales/transacciones/apple-pay,1,200,title_too_short;missing_description,29,15,Lo seguro es pagar con Apple Pay,Apple Pay - bancodebogota.com
https://www.bancodebogota.com/atencion-al-cliente/canales/transacciones/google-pay,1,200,missing_description,30,15,Paga con tu celular usando Google Pay,Google Pay - bancodebogota.com
https://www.bancodebogota.com/atencion-al-cliente/canales/transacciones/inscripciones-cuentas-servicios,1,200,missing_description,51,15,Inscripciones cuentas y servicios,Inscripciones cuentas servicios - bancodebogota.com
https://www.bancodebogota.com/atencion-al-cliente/canales/transacciones/programacion-de-pagos,1,200,missing_description;thin_content,41,15,Programación de pagos,Programación de pagos - bancodebogota.com
https://www.bancodebogota.com/atencion-al-cliente/canales/transacciones/recarga-cuenta-ahorros-pse,1,200,missing_description,46,15,Recarga tu cuenta de ahorros con PSE,Recarga cuenta ahorros pse - bancodebogota.com
https://www.bancodebogota.com/atencion-al-cliente/defensor-del-consumidor,1,200,missing_description,43,15,Defensor del consumidor,Defensor del consumidor - bancodebogota.com
https://www.bancodebogota.com/atencion-al-cliente/canales/transacciones/transferencias-utilizaciones,1,200,missing_description,48,15,Transferencias,Transferencias utilizaciones - bancodebogota.com
https://www.bancodebogota.com/atencion-al-cliente/impuestos/calendario,1,200,missing_description;thin_content,30,15,Calendario de impuestos,Calendario - bancodebogota.com
https://www.bancodebogota.com/atencion-al-cliente/impuestos/beneficios,1,200,missing_description,30,15,La mejor parte es pagar tus impuestos,Beneficios - bancodebogota.com
https://www.bancodebogota.com/atencion-al-cliente/impuestos,1,200,title_too_short;missing_description,29,15,Impuestos,Impuestos - bancodebogota.com
https://www.bancodebogota.com/atencion-al-cliente/impuestos/canales-de-pago,1,200,missing_description,35,15,Canales de pago,Canales de pago - bancodebogota.com
https://www.bancodebogota.com/atencion-al-cliente/instructivos/activa-tus-tarjetas,1,200,missing_description,39,15,Activa tus tarjetas,Activa tus tarjetas - bancodebogota.com
https://www.bancodebogota.com/atencion-al-cliente/pqrs,1,200,title_too_short;missing_description,24,15,"Peticiones, quejas y reclamos (PQRS)",Pqrs - bancodebogota.com
https://www.bancodebogota.com/atencion-al-cliente/preguntas-frecuentes/banca-movil,1,200,missing_description,31,15,Banca móvil,Banca móvil - bancodebogota.com
https://www.bancodebogota.com/atencion-al-cliente/preguntas-frecuentes/banco-de-bogota,1,200,missing_description,35,15,Banco de Bogotá,Banco de Bogotá - bancodebogota.com
https://www.bancodebogota.com/atencion-al-cliente/instructivos/desbloqueo-tarjeta-debito-clave-errada,1,200,missing_description,58,15,Desbloqueo de tarjeta débito por clave errada,Desbloqueo tarjeta debito clave errada - bancodebogota.com
https://www.bancodebogota.com/atencion-al-cliente/instructivos/refinanciar-deuda-tc,1,200,missing_description,53,15,Refinanciar la deuda de mi tarjeta de crédito,Refinanciar deuda tarjeta credito - bancodebogota.com
https://www.bancodebogota.com/atencion-al-cliente/preguntas-frecuentes,1,200,missing_description,40,15,Preguntas frecuentes,Preguntas frecuentes - bancodebogota.com
https://www.bancodebogota.com/atencion-al-cliente/instructivos/bloquear-tarjetas-por-perdida-robo,1,200,missing_description,54,15,Bloquear mis tarjetas por pérdida o robo,Bloquear tarjetas por perdida robo - bancodebogota.com
https://www.bancodebogota.com/atencion-al-cliente/preguntas-frecuentes/adelanto-de-nomina,1,200,missing_description,38,15,Adelanto de nómina,Adelanto de nómina - bancodebogota.com
https://www.bancodebogota.com/atencion-al-cliente/instructivos/diferido-automatico-tarjeta-credito,1,200,missing_description,55,15,Diferido automático de cuotas,Diferido automatico tarjeta credito - bancodebogota.com
https://www.bancodebogota.com/atencion-al-cliente/instructivos/congelar-tarjeta-facil-seguro,1,200,missing_description,49,15,Congela tu tarjeta de forma fácil y segura,Congelar tarjeta facil seguro - bancodebogota.com
https://www.bancodebogota.com/atencion-al-cliente/instructivos/cambio-fecha-pago-tarjeta-credito,1,200,missing_description,53,15,Cambio fecha de pago Tarjeta de Crédito,Cambio fecha pago tarjeta credito - bancodebogota.com
https://www.bancodebogota.com/atencion-al-cliente/instructivos/uso-de-bre-b,1,200,title_too_long,72,119,Descubre cómo usar las llaves en Bre-B,Llaves Bre-B - Nunca fue más fácil transferir dinero - bancodebogota.com
https://www.bancodebogota.com/atencion-al-cliente/instructivos/crea-tu-clave-segura,1,200,missing_description,40,15,Crea tu clave segura,Crea tu clave segura - bancodebogota.com
https://www.bancodebogota.com/atencion-al-cliente/instructivos/informacion-y-servicios-de-cuenta-de-ahorros,1,200,missing_description,64,15,Información y servicios de cuenta de ahorros,Informacion y servicios de cuenta de ahorros - bancodebogota.com
https://www.bancodebogota.com/atencion-al-cliente/preguntas-frecuentes/cdt,1,200,title_too_short;missing_description,23,15,CDT y títulos valores,CDT - bancodebogota.com
https://www.bancodebogota.com/atencion-al-cliente/instructivos/bre-b-en-whatsapp,1,200,title_too_long,72,119,Envía dinero con Bre-B desde WhatsApp,Llaves Bre-B - Nunca fue más fácil transferir dinero - bancodebogota.com
https://www.bancodebogota.com/atencion-al-cliente/preguntas-frecuentes/ceropay,1,200,title_too_short;missing_description,27,15,CeroPay,Ceropay - bancodebogota.com
https://www.bancodebogota.com/atencion-al-cliente/preguntas-frecuentes/crediestudiantil,1,200,missing_description,36,15,Crediestudiantil,Crediestudiantil - bancodebogota.com
https://www.bancodebogota.com/atencion-al-cliente/preguntas-frecuentes/cuatro-por-mil,1,200,missing_description,34,15,¿Qué es el 4x1000 y en qué casos aplica?,Cuatro por Mil - bancodebogota.com
https://www.bancodebogota.com/atencion-al-cliente/preguntas-frecuentes/crediservice,1,200,missing_description,32,15,Crediservice,Crediservice - bancodebogota.com
https://www.bancodebogota.com/atencion-al-cliente/preguntas-frecuentes/cupoagil-banco-de-bogota,1,200,missing_description,44,15,Cupoágil Banco de Bogotá,Cupoágil Banco de Bogotá - bancodebogota.com
https://www.bancodebogota.com/atencion-al-cliente/preguntas-frecuentes/credito-de-vehiculo,1,200,missing_description,39,15,Crédito de vehículo,Crédito de vehículo - bancodebogota.com
https://www.bancodebogota.com/atencion-al-cliente/preguntas-frecuentes/cuenta-corriente,1,200,missing_description,36,15,Cuenta corriente,Cuenta corriente - bancodebogota.com
https://www.bancodebogota.com/atencion-al-cliente/preguntas-frecuentes/habeas-data,1,200,missing_description,31,15,Habeas Data,Habeas data - bancodebogota.com
https://www.bancodebogota.com/atencion-al-cliente/preguntas-frecuentes/instructivos-bre-b,1,200,missing_description,38,15,Instructivos Bre-B,Instructivos bre b - bancodebogota.com
https://www.bancodebogota.com/atencion-al-cliente/preguntas-frecuentes/cuenta-de-ahorros,1,200,missing_description,37,15,Cuenta de ahorros,Cuenta de ahorros - bancodebogota.com
https://www.bancodebogota.com/atencion-al-cliente/preguntas-frecuentes/instacupo,1,200,title_too_short;missing_description,29,15,Instacupo,Instacupo - bancodebogota.com
https://www.bancodebogota.com/atencion-al-cliente/preguntas-frecuentes/libranza,1,200,title_too_short;missing_description,28,15,Libranza,Libranza - bancodebogota.com
https://www.bancodebogota.com/atencion-al-cliente/preguntas-frecuentes/libre-inversion,1,200,missing_description,35,15,Libre inversión,Libre inversión - bancodebogota.com
https://www.bancodebogota.com/atencion-al-cliente/preguntas-frecuentes/medios-de-pago/codigo-qr-para-ti,1,200,missing_description,37,15,Código QR para ti,Codigo QR para ti - bancodebogota.com
https://www.bancodebogota.com/atencion-al-cliente/preguntas-frecuentes/medios-de-pago/dale-para-tu-negocio,1,200,missing_description,40,15,Dale! para tu negocio,Dale para tu negocio - bancodebogota.com
https://www.bancodebogota.com/atencion-al-cliente/preguntas-frecuentes/medios-de-pago,1,200,missing_description;thin_content,34,15,Preguntas frecuentes de Medios de pago,Medios de pago - bancodebogota.com
https://www.bancodebogota.com/atencion-al-cliente/preguntas-frecuentes/medios-de-pago/dale-para-ti,1,200,missing_description,32,15,Dale! para ti,Dale para ti - bancodebogota.com
https://www.bancodebogota.com/atencion-al-cliente/preguntas-frecuentes/medios-de-pago/datafono-fisico,1,200,missing_description,35,15,Datáfono físico,Datafono fisico - bancodebogota.com
https://www.bancodebogota.com/atencion-al-cliente/preguntas-frecuentes/medios-de-pago/pagos-con-tarjeta,1,200,missing_description,37,15,Pagos con tarjeta,Pagos con tarjeta - bancodebogota.com
https://www.bancodebogota.com/atencion-al-cliente/preguntas-frecuentes/medios-de-pago/datafono-digital,1,200,missing_description,36,15,Datáfono digital,Datafono digital - bancodebogota.com
https://www.bancodebogota.com/atencion-al-cliente/preguntas-frecuentes/medios-de-pago/micrositio-abierto,1,200,missing_description,38,15,Micrositio abierto,Micrositio abierto - bancodebogota.com
https://www.bancodebogota.com/atencion-al-cliente/preguntas-frecuentes/medios-de-pago/micrositio-cerrado,1,200,missing_description,38,15,Micrositio cerrado,Micrositio cerrado - bancodebogota.com
https://www.bancodebogota.com/atencion-al-cliente/preguntas-frecuentes/medios-de-pago/link-de-pagos,1,200,missing_description,33,15,Link de pagos,Link de pagos - bancodebogota.com
https://www.bancodebogota.com/atencion-al-cliente/preguntas-frecuentes/medios-de-pago/transferencia-inmediata,1,200,missing_description,43,15,Transferencias inmediatas,Transferencia inmediata - bancodebogota.com
https://www.bancodebogota.com/atencion-al-cliente/preguntas-frecuentes/medios-de-pago/transversal-pasarela-gou,1,200,missing_description,44,15,Pasarela Aval Pay,Transversal pasarela gou - bancodebogota.com
https://www.bancodebogota.com/atencion-al-cliente/preguntas-frecuentes/medios-de-pago/webcheckout,1,200,missing_description,31,15,Webcheckout,Webcheckout - bancodebogota.com
https://www.bancodebogota.com/atencion-al-cliente/preguntas-frecuentes/portafolio-de-vivienda,1,200,missing_description,42,15,Portafolio de vivienda,Portafolio de vivienda - bancodebogota.com
https://www.bancodebogota.com/atencion-al-cliente/preguntas-frecuentes/mi-trabajo,1,200,missing_description,30,15,Cuenta Mi Trabajo,Mi trabajo - bancodebogota.com
https://www.bancodebogota.com/atencion-al-cliente/preguntas-frecuentes/tag-aval,1,200,title_too_short;missing_description,28,15,Tag Aval,Tag Aval - bancodebogota.com
https://www.bancodebogota.com/atencion-al-cliente/preguntas-frecuentes/remesas-internacional,1,200,missing_description,41,15,Remesas internacionales,Remesas internacional - bancodebogota.com
https://www.bancodebogota.com/atencion-al-cliente/preguntas-frecuentes/portales-transaccionales,1,200,missing_description,44,15,Portales transaccionales,Portales transaccionales - bancodebogota.com
https://www.bancodebogota.com/atencion-al-cliente/preguntas-frecuentes/tarjeta-credito-empresas,1,200,missing_description,47,15,Tarjeta de crédito para empresas,Tarjeta de crédito empresas - bancodebogota.com
https://www.bancodebogota.com/atencion-al-cliente/preguntas-frecuentes/portal-negocios,1,200,missing_description,35,15,Portal negocios,Portal negocios - bancodebogota.com
https://www.bancodebogota.com/atencion-al-cliente/preguntas-frecuentes/seguros-personalizados,1,200,missing_description,42,15,Seguros personalizados,Seguros personalizados - bancodebogota.com
https://www.bancodebogota.com/atencion-al-cliente/proteccion-al-consumidor/comite-ciberseguridad-seguridad-informacion,1,200,title_too_long;missing_description,74,15,Cómite de ciberseguridad,Comité de ciberseguridad y seguridad de la información - bancodebogota.com
https://www.bancodebogota.com/atencion-al-cliente/proteccion-al-consumidor,1,200,missing_description,44,15,Protección al consumidor,Protección al consumidor - bancodebogota.com
https://www.bancodebogota.com/atencion-al-cliente/preguntas-frecuentes/tarjetas-debito,1,200,missing_description,35,15,Tarjetas débito,Tarjetas débito - bancodebogota.com
https://www.bancodebogota.com/atencion-al-cliente/preguntas-frecuentes/transfiya,1,200,title_too_short;missing_description,29,15,"Adiós a Transfiya, dale la bienvenida a Bre-B",Transfiya - bancodebogota.com
https://www.bancodebogota.com/atencion-al-cliente/preguntas-frecuentes/token,1,200,title_too_short;missing_description,25,15,Token,Token - bancodebogota.com
https://www.bancodebogota.com/atencion-al-cliente/preguntas-frecuentes/tarjetas-credito,1,200,missing_description,39,15,Tarjetas de crédito,Tarjetas de crédito - bancodebogota.com
https://www.bancodebogota.com/atencion-al-cliente/proteccion-al-consumidor/cybersecurity-and-security-management,1,200,missing_description,57,15,Cybersecurity Management,Cybersecurity and security management - bancodebogota.com
https://www.bancodebogota.com/atencion-al-cliente/proteccion-al-consumidor/decreto-587,1,200,missing_description,31,15,Decreto 587,Decreto 587 - bancodebogota.com
https://www.bancodebogota.com/atencion-al-cliente/proteccion-al-consumidor/ley-de-proteccion,1,200,missing_description,37,15,Ley de Protección 1328,Ley de Protección - bancodebogota.com
https://www.bancodebogota.com/atencion-al-cliente/proteccion-al-consumidor/gestion-de-ciberseguridad-y-seguridad,1,200,missing_description,57,15,Gestión de Ciberseguridad,Gestion de ciberseguridad y seguridad - bancodebogota.com
https://www.bancodebogota.com/atencion-al-cliente/proteccion-al-consumidor/proteccion-datos-personales,1,200,missing_description,50,15,Política de Privacidad de datos personales,Protección de Datos Personales - bancodebogota.com
https://www.bancodebogota.com/atencion-al-cliente/proteccion-al-consumidor/superintendencia-financiera,1,200,missing_description,47,15,Superintendencia Financiera,Superintendencia Financiera - bancodebogota.com
https://www.bancodebogota.com/atencion-al-cliente/proteccion-al-consumidor/relacion-con-el-cliente,1,200,missing_description,43,15,Relación con el cliente,Relación con el cliente - bancodebogota.com
https://www.bancodebogota.com/atencion-al-cliente/seguridad-bancaria/seguridad-en-cajeros/perdida-confidencialidad,1,200,missing_description,44,15,Pérdida de confidencialidad,Pérdida confidencialidad - bancodebogota.com
https://www.bancodebogota.com/atencion-al-cliente/reglamentos,1,200,missing_description,31,15,Reglamentos,Reglamentos - bancodebogota.com
https://www.bancodebogota.com/atencion-al-cliente/proteccion-al-consumidor/uso-de-cookies,1,200,missing_description,34,15,Uso de cookies,Uso de cookies - bancodebogota.com
https://www.bancodebogota.com/atencion-al-cliente/seguridad-bancaria/seguridad-cheques-consignaciones/falsificacion-o-adulteracion,1,200,missing_description,48,15,Falsificación o adulteración,Falsificación o adulteración - bancodebogota.com
https://www.bancodebogota.com/atencion-al-cliente/seguridad-bancaria/seguridad-en-cajeros,1,200,missing_description,40,15,Cajeros y corresponsales,Seguridad en cajeros - bancodebogota.com
https://www.bancodebogota.com/atencion-al-cliente/seguridad-bancaria/seguridad-en-oficinas/fleteo,1,200,title_too_short;missing_description,26,15,Fleteo,Fleteo - bancodebogota.com
https://www.bancodebogota.com/atencion-al-cliente/seguridad-bancaria/seguridad-cheques-consignaciones,1,200,missing_description,52,15,Seguridad en cheques,Seguridad cheques consignaciones - bancodebogota.com
https://www.bancodebogota.com/atencion-al-cliente/seguridad-bancaria/seguridad-cheques-consignaciones/hurto-cheques-o-chequeras,1,200,missing_description,45,15,Hurto de cheques o chequeras,Hurto cheques o chequeras - bancodebogota.com
https://www.bancodebogota.com/atencion-al-cliente/seguridad-bancaria/seguridad-en-cajeros/ingenieria-social,1,200,missing_description,37,15,Ingeniería social,Ingeniería social - bancodebogota.com
https://www.bancodebogota.com/atencion-al-cliente/seguridad-bancaria/seguridad-en-cajeros/skimming,1,200,title_too_short;missing_description,28,15,Skimming,Skimming - bancodebogota.com
https://www.bancodebogota.com/atencion-al-cliente/seguridad-bancaria/seguridad-en-internet/instalacion-de-programas-maliciosos,1,200,missing_description,55,15,Programas maliciosos,Instalación de programas maliciosos - bancodebogota.com
https://www.bancodebogota.com/atencion-al-cliente/seguridad-bancaria/seguridad-en-internet/phishing,1,200,title_too_short;missing_description,28,15,Phishing,Phishing - bancodebogota.com
https://www.bancodebogota.com/atencion-al-cliente/seguridad-bancaria/seguridad-comunicaciones-digitales,1,200,missing_description,54,15,Seguridad en comunicaciones,Seguridad comunicaciones digitales - bancodebogota.com
https://www.bancodebogota.com/atencion-al-cliente/seguridad-bancaria/seguridad-en-internet,1,200,missing_description,54,15,Seguridad en canales digitales,Seguridad portales transaccionales - bancodebogota.com
https://www.bancodebogota.com/atencion-al-cliente/seguridad-bancaria,1,200,missing_description,38,15,Seguridad bancaria,Seguridad bancaria - bancodebogota.com
https://www.bancodebogota.com/atencion-al-cliente/seguridad-bancaria/seguridad-en-oficinas,1,200,missing_description,41,15,Seguridad en canales físicos,Seguridad en oficinas - bancodebogota.com
https://www.bancodebogota.com/atencion-al-cliente/seguridad-bancaria/seguridad-en-tu-celular,1,200,missing_description,43,15,Celulares y teléfonos fijos,Seguridad en tu celular - bancodebogota.com
https://www.bancodebogota.com/atencion-al-cliente/seguridad-bancaria/seguridad-en-oficinas/suplantacion-colaboradores,1,200,missing_description,49,15,Suplantación de colaboradores,Suplantación de colaboradores - bancodebogota.com
https://www.bancodebogota.com/atencion-al-cliente/seguridad-bancaria/seguridad-en-tu-celular/aplicacion-movil,1,200,missing_description,36,15,Seguridad en aplicación móvil,Aplicación móvil - bancodebogota.com
https://www.bancodebogota.com/atencion-al-cliente/seguridad-bancaria/seguridad-en-tu-celular/ingenieria-social,1,200,missing_description,37,15,Ingeniería social,Ingeniería social - bancodebogota.com
https://www.bancodebogota.com/atencion-al-cliente/seguridad-bancaria/seguridad-en-tu-celular/vishing-smishing,1,200,missing_description,36,15,Vishing/Smishing,Vishing Smishing - bancodebogota.com
https://www.bancodebogota.com/atencion-al-cliente/servilineas,1,200,missing_description,31,15,Servilínea,Servilíneas - bancodebogota.com
https://www.bancodebogota.com/banca-empresas/empresas/banca-internacional,1,200,missing_description;thin_content,39,15,Banca Internacional,Banca internacional - bancodebogota.com
https://www.bancodebogota.com/banca-empresas/microempresas/cartera-ordinaria-pesos,1,200,missing_description,46,15,Cartera ordinaria en pesos,Cartera ordinaria en pesos - bancodebogota.com
https://www.bancodebogota.com/atencion-al-cliente/seguridad-bancaria/seguridad-en-portales-empresariales,1,200,missing_description,55,15,Protege tu empresa contra el fraude,Seguridad en portales empresariales - bancodebogota.com
https://www.bancodebogota.com/banca-empresas/microempresas/portafolio-integral-crecer,1,200,missing_description,46,15,Portafolio integral Crecer,Portafolio Integral Crecer - bancodebogota.com
https://www.bancodebogota.com/banca-empresas/microempresas/portafolio-integral-logros,1,200,missing_description,46,15,Portafolio integral Logros,Portafolio Integral Logros - bancodebogota.com
https://www.bancodebogota.com/banca-empresas,1,200,missing_description,34,15,Banca empresas,Banca empresas - bancodebogota.com
https://www.bancodebogota.com/banca-empresas/microempresas/sustitucion-pasivos,1,200,missing_description,39,15,Sustitución de pasivos comercial,Sustitución pasivos - bancodebogota.com
https://www.bancodebogota.com/banca-empresas/microempresas,1,200,missing_description,33,15,Microempresas,Microempresas - bancodebogota.com
https://www.bancodebogota.com/banca-empresas/microfinanzas/compra-cartera,1,200,missing_description,34,15,Compra de cartera,Compra cartera - bancodebogota.com
https://www.bancodebogota.com/banca-empresas/microfinanzas/crediahorro,1,200,missing_description,31,15,Crediahorro,Crediahorro - bancodebogota.com
https://www.bancodebogota.com/banca-empresas/microfinanzas/cuenta-emprendeahorro,1,200,missing_description,34,15,Emprendeahorro,Emprendeahorro - bancodebogota.com
https://www.bancodebogota.com/banca-empresas/corporativa,1,200,missing_description,37,15,Banca Corporativa,Banca corporativa - bancodebogota.com
https://www.bancodebogota.com/banca-empresas/microfinanzas/crediagrario,1,200,missing_description,32,15,Crediagrario,Crediagrario - bancodebogota.com
https://www.bancodebogota.com/banca-empresas/empresarial,1,200,missing_description,37,15,Banca Empresarial,Banca empresarial - bancodebogota.com
https://www.bancodebogota.com/banca-empresas/institucional,1,200,missing_description,39,15,Banca Institucional,Banca institucional - bancodebogota.com
https://www.bancodebogota.com/banca-empresas/pyme/portafolio-integral-pyme,1,200,missing_description,44,15,Portafolio integral Pyme,Portafolio integral Pyme - bancodebogota.com
https://www.bancodebogota.com/banca-empresas/pyme/cuenta-integral-pyme,1,200,missing_description,40,15,Cuenta corriente integral para Pymes,Cuenta integral Pyme - bancodebogota.com
https://www.bancodebogota.com/banca-personas,1,200,missing_description,34,15,Banca personas,Banca personas - bancodebogota.com
https://www.bancodebogota.com/banca-empresas/pyme/planes-integrales-pyme,1,200,missing_description,58,15,Planes integrales transaccionales Pyme,Planes integrales transaccionales Pyme - bancodebogota.com
https://www.bancodebogota.com/banca-personas/infantil,1,200,title_too_short;missing_description,28,15,Banca infantil,Infantil - bancodebogota.com
https://www.bancodebogota.com/banca-personas/joven,1,200,title_too_short;missing_description,25,15,Banca joven,Joven - bancodebogota.com
https://www.bancodebogota.com/banca-personas/joven/portafolio-integral-joven,1,200,missing_description,45,15,Portafolio integral joven,Portafolio integral joven - bancodebogota.com
https://www.bancodebogota.com/banca-empresas/oficial,1,200,missing_description,33,15,Banca Oficial,Banca oficial - bancodebogota.com
https://www.bancodebogota.com/banca-personas/pensionados/noticias,1,200,title_too_short;missing_description,28,15,Noticias y contenidos,Noticias - bancodebogota.com
https://www.bancodebogota.com/banca-personas/portafolio-personas,1,200,missing_description,39,15,Portafolio integral personas,Portafolio personas - bancodebogota.com
https://www.bancodebogota.com/banca-empresas/pyme,1,200,missing_description,30,15,LARGA VIDA A LAS PYMES,Banca pyme - bancodebogota.com
https://www.bancodebogota.com/banca-personas/portafolio-integral-basico,1,200,missing_description,46,15,Portafolio integral básico,Portafolio integral básico - bancodebogota.com
https://www.bancodebogota.com/banca-personas/portafolio-personas-alto,1,200,missing_description,44,15,Portafolio integral personas alto,Portafolio Personas Alto - bancodebogota.com
https://www.bancodebogota.com/banca-personas/preferente/portafolio-integral-preferente,1,200,missing_description,50,15,Portafolio integral preferente,Portafolio integral preferente - bancodebogota.com
https://www.bancodebogota.com/banca-empresas/social,1,200,missing_description,32,15,Banca Social,Banca social - bancodebogota.com
https://www.bancodebogota.com/banca-personas/preferente/preferente-plus,1,200,missing_description,35,15,Preferente plus,Preferente plus - bancodebogota.com
https://www.bancodebogota.com/buscador,1,200,title_too_short;missing_description;missing_h1;thin_content,28,15,,Buscador - bancodebogota.com
https://www.bancodebogota.com/banca-personas/premium/mundo-privilegios-premium,1,200,missing_description,45,15,Mundo de privilegios premium,Mundo privilegios premium - bancodebogota.com
https://www.bancodebogota.com/banca-personas/premium/portafolio-integral-premium,1,200,missing_description,47,15,Portafolio integral premium,Portafolio integral premium - bancodebogota.com
https://www.bancodebogota.com/banca-personas/preferente,1,200,missing_description,30,15,Banca preferente,Preferente - bancodebogota.com
https://www.bancodebogota.com/banca-empresas/pyme/alianzas,1,200,missing_description,33,15,Alianzas que potencian  tu empresa,Alianzas Pyme - bancodebogota.com
https://www.bancodebogota.com/bre-b/llaves,1,200,title_too_long,72,119,¡Adiós números largos! Usa las llaves Bre-B🔑,Llaves Bre-B - Nunca fue más fácil transferir dinero - bancodebogota.com
https://www.bancodebogota.com/banca-personas/premium,1,200,title_too_short;missing_description,27,15,Banca premium,Premium - bancodebogota.com
https://www.bancodebogota.com/bre-b,1,200,title_too_long;description_too_long,75,168,Bre-B nuevo sistema de pagos inmediatos,Bre-B | Usa tu llave y transfiere plata gratis y seguro - bancodebogota.com
https://www.grupoaval.com/BuscadordePuntosAval/,1,200,title_too_short;missing_description;missing_canonical,12,15,¿Qué deseas buscar?,Searcher ATH
https://www.bancodebogota.com/educacion-financiera/creditos/beneficios-de-tener-una-buena-vida-crediticia,1,200,missing_h1,65,88,,Beneficios de tener una buena vida crediticia - bancodebogota.com
https://www.bancodebogota.com/educacion-financiera/economia-familiar/capacidad-de-endeudamiento,1,200,missing_h1,46,83,,Capacidad de endeudamiento - bancodebogota.com
https://www.bancodebogota.com/educacion-financiera/creditos,1,200,title_too_short,27,90,Crédito y endeudamiento,Crédito - bancodebogota.com
https://www.bancodebogota.com/educacion-financiera/creditos/tipos-de-tasas-de-interes,1,200,missing_h1,45,88,,Tipos de tasas de interés - bancodebogota.com
https://www.bancodebogota.com/educacion-financiera/como-funciona-una-tarjeta-de-credito,1,200,missing_h1,58,81,,¿Cómo funciona una tarjeta de crédito? - bancodebogota.com
https://www.bancodebogota.com/educacion-financiera/economia-familiar/como-hacer-un-presupuesto,1,200,missing_h1,47,83,,¿Cómo hacer un presupuesto? - bancodebogota.com
https://www.bancodebogota.com/educacion-financiera,1,200,missing_description,40,15,Educación financiera,Educación financiera - bancodebogota.com
https://www.bancodebogota.com/educacion-financiera/creditos/antes-de-pedir-un-credito,1,200,missing_h1,45,88,,Antes de pedir un crédito - bancodebogota.com
https://www.bancodebogota.com/educacion-financiera/creditos/todo-sobre-los-tipos-de-credito,1,200,missing_h1,51,88,,Todo sobre los tipos de crédito - bancodebogota.com
https://www.bancodebogota.com/diversidad-e-inclusion/discapacidad-fisica,1,200,missing_description,39,15,Discapacidad física: superando las barreras,Discapacidad física - bancodebogota.com
https://www.bancodebogota.com/diversidad-e-inclusion,1,200,missing_description,42,15,"Diversidad, inclusión y discapacidad",Diversidad e inclusión - bancodebogota.com
https://www.bancodebogota.com/diversidad-e-inclusion/discapacidad-cognitiva,1,200,missing_description,42,15,El universo de la neurodiversidad,Discapacidad cognitiva - bancodebogota.com
https://www.bancodebogota.com/dia-de-la-mujer-y-del-hombre,1,200,missing_description,48,15,Informe de Gestión y Sostenibilidad,Dia de la mujer y del hombre - bancodebogota.com
https://www.bancodebogota.com/educacion-financiera/economia-familiar/como-hacer-un-presupuesto-personal,1,200,missing_h1,54,78,,Cómo hacer un presupuesto personal - bancodebogota.com
https://www.bancodebogota.com/educacion-financiera/economia-familiar/que-es-y-como-aumentar-el-patrimonio,1,200,missing_h1,56,83,,Qué es y cómo aumentar el patrimonio - bancodebogota.com
https://www.bancodebogota.com/educacion-financiera/economia-familiar/cuanto-vale-estudiar,1,200,missing_h1,44,78,,¿Cuánto cuesta estudiar? - bancodebogota.com
https://www.bancodebogota.com/educacion-financiera/inversion,1,200,title_too_short,29,90,Inversión,Inversión - bancodebogota.com
https://www.bancodebogota.com/educacion-financiera/economia-familiar/que-es-un-seguro-y-cuales-son-los-tipos,1,200,missing_h1,59,83,,Qué es un seguro y cuáles son los tipos - bancodebogota.com
https://www.bancodebogota.com/educacion-financiera/inversion/tipos-de-inversion,1,200,missing_h1,38,88,,Tipos de inversión - bancodebogota.com
https://www.bancodebogota.com/educacion-financiera/nuestra-organizacion,1,200,missing_h1,40,90,,Nuestra organización - bancodebogota.com
https://www.bancodebogota.com/educacion-financiera/inversion/riesgos-financieros,1,200,missing_h1,39,88,,Riesgos financieros - bancodebogota.com
https://www.bancodebogota.com/educacion-financiera/inversion/invertir-en-titulos-valores,1,200,missing_h1,47,88,,Invertir en títulos valores - bancodebogota.com
https://www.bancodebogota.com/educacion-financiera/nuestra-organizacion/como-funciona-la-economia,1,200,missing_h1,45,88,,Cómo funciona la economía - bancodebogota.com
https://www.bancodebogota.com/educacion-financiera/nuestra-organizacion/deberes-y-derechos-del-consumidor-financiero,1,200,missing_h1,64,88,,Deberes y derechos del consumidor financiero - bancodebogota.com
https://www.bancodebogota.com/educacion-financiera/nuestra-organizacion/defensor-del-consumidor,1,200,missing_h1,43,88,,Defensor del consumidor - bancodebogota.com
https://www.bancodebogota.com/educacion-financiera/nuestra-organizacion/historia-del-dinero,1,200,missing_h1,39,88,,Historia del dinero - bancodebogota.com
https://www.bancodebogota.com/educacion-financiera/nuestra-organizacion/ley-de-habeas-data,1,200,missing_h1,38,88,,Ley de habeas data - bancodebogota.com
https://www.bancodebogota.com/educacion-financiera/nuestra-organizacion/nuestra-historia,1,200,missing_h1,36,88,,Nuestra historia - bancodebogota.com
https://www.bancodebogota.com/educacion-financiera/tarjeta-de-credito/compras-internacionales-con-tarjetas-de-credito-o-debito,1,200,title_too_long;missing_h1,76,88,,Compras internacionales con tarjetas de crédito o débito - bancodebogota.com
https://www.bancodebogota.com/educacion-financiera/tarjeta-de-credito/como-funcionan-las-tarjetas-de-credito,1,200,missing_h1,58,88,,Cómo funcionan las tarjetas de crédito - bancodebogota.com
https://www.bancodebogota.com/empresas/comercio-internacional-y-tesoreria/comercio-internacional/avales-y-garantias,1,200,missing_description,38,15,Avales y garantías,Avales y garantías - bancodebogota.com
https://www.bancodebogota.com/educacion-financiera/tarjeta-de-credito/seguridad-en-tarjeta-de-credito,1,200,missing_h1,51,88,,Seguridad en tarjeta de crédito - bancodebogota.com
https://www.bancodebogota.com/empresas/comercio-internacional-y-tesoreria/comercio-internacional/capital-de-trabajo,1,200,missing_description,38,15,Capital de trabajo,Capital de trabajo - bancodebogota.com
https://www.bancodebogota.com/empresas/comercio-internacional-y-tesoreria/comercio-internacional/cartas-de-credito-exportacion,1,200,missing_description,52,15,Cartas de crédito de exportación,Cartas de crédito de exportación - bancodebogota.com
https://www.bancodebogota.com/empresas/comercio-internacional-y-tesoreria/comercio-internacional/confirming,1,200,missing_description,44,15,Confirming internacional,Confirming internacional - bancodebogota.com
https://www.bancodebogota.com/empresas/comercio-internacional-y-tesoreria/comercio-internacional/cartas-de-credito-importacion,1,200,missing_description,52,15,Cartas de crédito de importación,Cartas de crédito de importación - bancodebogota.com
https://www.bancodebogota.com/empresas/comercio-internacional-y-tesoreria/comercio-internacional/cobranzas-de-exportacion,1,200,missing_description,44,15,Cobranzas de exportación,Cobranzas de exportación - bancodebogota.com
https://www.bancodebogota.com/empresas/comercio-internacional-y-tesoreria/comercio-internacional,1,200,missing_description,42,15,Comercio internacional,Comercio internacional - bancodebogota.com
https://www.bancodebogota.com/empresas/comercio-internacional-y-tesoreria/comercio-internacional/cobranzas-de-importacion,1,200,missing_description,44,15,Cobranzas de importación,Cobranzas de importación - bancodebogota.com
https://www.bancodebogota.com/empresas/comercio-internacional-y-tesoreria/comercio-internacional/giros-directos,1,200,missing_description,34,15,Giros directos,Giros directos - bancodebogota.com
https://www.bancodebogota.com/empresas/comercio-internacional-y-tesoreria/comercio-internacional/ordenes-de-pago,1,200,missing_description,35,15,Órdenes de pago,Ordenes de pago - bancodebogota.com
https://www.bancodebogota.com/empresas/comercio-internacional-y-tesoreria,1,200,missing_description,54,15,Comercio internacional y tesorería,Comercio internacional y tesorería - bancodebogota.com
https://www.bancodebogota.com/empresas/bre-b,1,200,title_too_long,71,141,Con Bre-B recibe los pagos de tus ventas,Bre-B - Empresas | Nuevo sistema de pagos inmediato - bancodebogota.com
https://www.bancodebogota.com/empresas/comercio-internacional-y-tesoreria/comercio-internacional/portal-de-internet,1,200,missing_description,38,15,Servicios comercio exterior vía Internet,Portal de internet - bancodebogota.com
https://www.bancodebogota.com/empresas/comercio-internacional-y-tesoreria/comercio-internacional/giros-financiados,1,200,missing_description,37,15,Giros financiados,Giros financiados - bancodebogota.com
https://www.bancodebogota.com/empresas/comercio-internacional-y-tesoreria/guias-de-informacion,1,200,missing_description,40,15,Guías de información,Guías de información - bancodebogota.com
https://www.bancodebogota.com/empresas/comercio-internacional-y-tesoreria/negocio-de-divisas,1,200,missing_description,38,15,Negocio de divisas,Negocio de divisas - bancodebogota.com
https://www.bancodebogota.com/empresas/comercio-internacional-y-tesoreria/comercio-internacional/prefinanciacion-exportaciones,1,200,missing_description,52,15,Prefinanciación de exportaciones,Prefinanciación de exportaciones - bancodebogota.com
https://www.bancodebogota.com/empresas/comercio-internacional-y-tesoreria/comercio-internacional/reintegros,1,200,missing_description,30,15,Reintegros,Reintegros - bancodebogota.com
https://www.bancodebogota.com/empresas/comercio-internacional-y-tesoreria/comercio-internacional/servicios-digitales-moneda-extranjera,1,200,missing_description,57,15,Moneda extranjera persona natural,Servicios digitales moneda extranjera - bancodebogota.com
https://www.bancodebogota.com/empresas/comercio-internacional-y-tesoreria/negociacion-de-valores,1,200,missing_description,42,15,Negociación de Valores,Negociación de valores - bancodebogota.com
https://www.bancodebogota.com/empresas/comercio-internacional-y-tesoreria/negocios-de-divisas/compra-de-dolares-y-otras-divisas,1,200,missing_description,61,15,Compra y Venta de Dólares y otras Divisas,Compra y venta de dolares y otras divisas - bancodebogota.com
https://www.bancodebogota.com/empresas/comercio-internacional-y-tesoreria/operaciones-de-cobertura/estructuracion-con-multiples,1,200,missing_description,48,15,Estructuración con múltiples,Estructuración con múltiples - bancodebogota.com
https://www.bancodebogota.com/empresas/comercio-internacional-y-tesoreria/operaciones-de-cobertura/estructuracion-de-estrategias,1,200,missing_description,49,15,Estructuración de estrategias,Estructuración de estrategias - bancodebogota.com
https://www.bancodebogota.com/empresas/comercio-internacional-y-tesoreria/operaciones-de-cobertura,1,200,missing_description,44,15,Operaciones de cobertura,Operaciones de cobertura - bancodebogota.com
https://www.bancodebogota.com/empresas/comercio-internacional-y-tesoreria/operaciones-de-cobertura/forward-sobre-divisas,1,200,missing_description,41,15,Forward sobre divisas,Forward sobre divisas - bancodebogota.com
https://www.bancodebogota.com/empresas/comercio-internacional-y-tesoreria/operaciones-de-cobertura/opciones-tipo-de-cambio,1,200,missing_description,46,15,Opciones de tipo de cambio,Opciones de tipo de cambio - bancodebogota.com
https://www.bancodebogota.com/empresas/comercio-internacional-y-tesoreria/operaciones-de-cobertura/swap-tasas-de-interes,1,200,missing_description,44,15,Swap de tasas de interés,Swap de tasas de interés - bancodebogota.com
https://www.bancodebogota.com/empresas/inversion-y-liquidez/cdt,1,200,title_too_short;missing_description,24,15,CDT,CDTs - bancodebogota.com
https://www.bancodebogota.com/empresas/inversion-y-liquidez/cuenta-corriente,1,200,missing_description,36,15,Cuentas corrientes,Cuenta corriente - bancodebogota.com
https://www.bancodebogota.com/empresas/comercio-internacional-y-tesoreria/operaciones-de-cobertura/swap-tipo-de-cambio,1,200,missing_description,42,15,Swap de tipo de cambio,Swap de tipo de cambio - bancodebogota.com
https://www.bancodebogota.com/empresas/inversion-y-liquidez/cdt/especial,1,200,missing_description,32,15,CDT especial,CDT especial - bancodebogota.com
https://www.bancodebogota.com/empresas/inversion-y-liquidez/cdt/tradicional,1,200,missing_description,35,15,CDT tradicional,CDT tradicional - bancodebogota.com
https://www.bancodebogota.com/empresas/comercio-internacional-y-tesoreria/productos-y-servicios-en-el-exterior,1,200,missing_description,56,15,Productos y servicios en el exterior,Productos y servicios en el exterior - bancodebogota.com
https://www.bancodebogota.com/empresas/comercio-internacional-y-tesoreria/productos-y-servicios-en-el-exterior/miami,1,200,title_too_short;missing_description,25,15,Banco de Bogotá SA Miami,Miami - bancodebogota.com
https://www.bancodebogota.com/empresas/comercio-internacional-y-tesoreria/productos-y-servicios-en-el-exterior/panama,1,200,title_too_short;missing_description,26,15,Productos en el exterior: Panamá,Panama - bancodebogota.com
https://www.bancodebogota.com/empresas/comercio-internacional-y-tesoreria/productos-y-servicios-en-el-exterior/sucursal-panama,1,200,missing_description,35,15,Productos exterior: Sucursal Panamá,Sucursal panamá - bancodebogota.com
https://www.bancodebogota.com/empresas/enko,1,200,title_too_short;missing_description,24,15,Impulsa tu negocio con lecciones gratuitas,Enko - bancodebogota.com
https://www.bancodebogota.com/empresas/comercio-internacional-y-tesoreria/productos-y-servicios-en-el-exterior/new-york,1,200,title_too_short;missing_description,28,15,Productos en el exterior: New York,New york - bancodebogota.com
https://www.bancodebogota.com/empresas/inversion-y-liquidez,1,200,missing_description,40,15,Inversión y liquidez,Inversión y liquidez - bancodebogota.com
https://www.bancodebogota.com/empresas/cuenta-en-dolares-pyme,1,200,missing_description,42,15,Cuenta en dólares para Pymes,Cuenta en dólares pyme - bancodebogota.com
https://www.bancodebogota.com/empresas/educacion-financiera-territorios,1,200,missing_description,52,15,La mejor parte es hacerlo,Educacion financiera territorios - bancodebogota.com
https://www.bancodebogota.com/empresas/inversion-y-liquidez/cuenta-corriente/pequenas-empresas,1,200,missing_description,37,15,Cuenta corriente para pequeñas empresas,Pequenas empresas - bancodebogota.com
https://www.bancodebogota.com/empresas/inversion-y-liquidez/cuenta-corriente/grandes-empresas,1,200,missing_description,36,15,Cuenta corriente grandes empresas,Grandes Empresas - bancodebogota.com
https://www.bancodebogota.com/empresas/inversion-y-liquidez/fiducias/administracion/anticipos,1,200,missing_description,47,15,Administración de anticipos,Administración de anticipos - bancodebogota.com
https://www.bancodebogota.com/empresas/inversion-y-liquidez/cuenta-corriente/traslado-electronico-de-saldos-tes,1,200,missing_description,53,15,Traslado electrónico de saldos,Traslado electrónico de saldo TES - bancodebogota.com
https://www.bancodebogota.com/empresas/inversion-y-liquidez/cuenta-de-ahorro-superdia,1,200,missing_description,45,15,Cuenta de ahorros Superdía,Cuenta de ahorro superdía - bancodebogota.com
https://www.bancodebogota.com/empresas/inversion-y-liquidez/fiducias/administracion,1,200,missing_description,45,15,Fiducia de administración,Fiducia de administración - bancodebogota.com
https://www.bancodebogota.com/empresas/inversion-y-liquidez/fiducias/administracion/custodia,1,200,title_too_short;missing_description,28,15,Custodia,Custodia - bancodebogota.com
https://www.bancodebogota.com/empresas/inversion-y-liquidez/fiducias,1,200,title_too_short;missing_description,28,15,Fiducias,Fiducias - bancodebogota.com
https://www.bancodebogota.com/empresas/inversion-y-liquidez/fiducias/administracion/fuente-de-pago,1,200,missing_description,34,15,Fuente de pago,Fuente de pago - bancodebogota.com
https://www.bancodebogota.com/empresas/inversion-y-liquidez/fiducias/administracion/garantia,1,200,missing_description,39,15,Fiducia en garantía,Fiducia en Garantía - bancodebogota.com
https://www.bancodebogota.com/empresas/inversion-y-liquidez/fiducias/administracion/pagos,1,200,missing_description,42,15,Administración y pagos,Administración y pagos - bancodebogota.com
https://www.bancodebogota.com/empresas/inversion-y-liquidez/fiducias/administracion/retencion-en-garantia,1,200,missing_description,41,15,Retención en garantía,Retención en garantía - bancodebogota.com
https://www.bancodebogota.com/empresas/inversion-y-liquidez/fiducias/inmobiliaria/contrato-de-preventas,1,200,missing_description,41,15,Contrato de preventas,Contrato de preventas - bancodebogota.com
https://www.bancodebogota.com/empresas/inversion-y-liquidez/fiducias/inmobiliaria/mercantil,1,200,missing_description,50,15,Fiducia mercantil inmobiliaria,Fiducia mercantil inmobiliaria - bancodebogota.com
https://www.bancodebogota.com/empresas/inversion-y-liquidez/fiducias/inmobiliaria,1,200,missing_description,40,15,Fiducias inmobiliarias,Fiducia inmobiliaria - bancodebogota.com
https://www.bancodebogota.com/empresas/inversion-y-liquidez/fiducias/inmobiliaria/mercantil-de-administracion,1,200,missing_description,55,15,Fiducia mercantil de administración,Fiducia mercantil de administración - bancodebogota.com
https://www.bancodebogota.com/empresas/inversion-y-liquidez/fiducias/inmobiliaria/proyectos-de-construccion-clientes-del-sector,1,200,missing_description,65,15,Proyectos construcción clientes del sector,Proyectos de construccion clientes del sector - bancodebogota.com
https://www.bancodebogota.com/empresas/inversion-y-liquidez/fiducias/inversion,1,200,missing_description,40,15,Fiducias de inversión,Fiducia de inversión - bancodebogota.com
https://www.bancodebogota.com/empresas/inversion-y-liquidez/fiducias/inversion/fondos-de-inversion-colectiva,1,200,missing_description,49,15,Fondos de inversión colectiva,Fondos de inversión colectiva - bancodebogota.com
https://www.bancodebogota.com/empresas/inversion-y-liquidez/fiducias/inversion/portafolio-individual-de-inversion,1,200,missing_description,54,15,Portafolio individual de inversión,Portafolio individual de inversión - bancodebogota.com
https://www.bancodebogota.com/empresas/inversion-y-liquidez/fiducias/inversion/fondo-bursatil,1,200,missing_description,34,15,Fondo bursátil,Fondo bursátil - bancodebogota.com
https://www.bancodebogota.com/empresas/leasing,1,200,missing_description,41,15,Leasing para empresas,Soluciones de Leasing - bancodebogota.com
https://www.bancodebogota.com/empresas/inversion-y-liquidez/remesas-negociadas,1,200,missing_description,38,15,Remesas negociadas,Remesas negociadas - bancodebogota.com
https://www.bancodebogota.com/empresas/leasing/importacion,1,200,missing_description,39,15,Leasing de importación,Leasing importación - bancodebogota.com
https://www.bancodebogota.com/empresas/leasing/leaseback,1,200,title_too_short;missing_description,29,15,Leaseback,Leaseback - bancodebogota.com
https://www.bancodebogota.com/empresas/leasing/vehiculos,1,200,missing_description,37,15,Leasing de vehículos,Leasing Vehiculos - bancodebogota.com
https://www.bancodebogota.com/empresas/leasing/recarga-leasing,1,200,missing_description,35,15,Recarga leasing,Recarga Leasing - bancodebogota.com
https://www.bancodebogota.com/empresas/leasing/maquinaria-equipo,1,200,missing_description,37,15,Leasing maquinaria y equipo,Maquinaria equipo - bancodebogota.com
https://www.bancodebogota.com/empresas/leasing/leasing-inmobiliario,1,200,missing_description,40,15,Leasing inmobiliario,Leasing inmobiliario - bancodebogota.com
https://www.bancodebogota.com/empresas/leasing/sostenibilidad,1,200,missing_description,42,15,Leasing sostenible,Leasing sostenibilidad - bancodebogota.com
https://www.bancodebogota.com/empresas/login,1,200,missing_description;missing_h1;thin_content,34,15,,Login empresas - bancodebogota.com
https://www.bancodebogota.com/empresas/productos-de-credito/capital-de-trabajo/creditos-tesoreria-y-liquidez,1,200,missing_description,52,15,Créditos de tesorería y liquidez,Créditos de tesorería y liquidez - bancodebogota.com
https://www.bancodebogota.com/empresas/productos-de-credito/contingencias/aval-bancario,1,200,missing_description,33,15,Aval bancario,Aval bancario - bancodebogota.com
https://www.bancodebogota.com/empresas/productos-de-credito/capital-de-trabajo,1,200,missing_description,38,15,Capital de trabajo,Capital de trabajo - bancodebogota.com
https://www.bancodebogota.com/empresas/productos-de-credito/capital-de-trabajo/creditos-cartera-ordinaria,1,200,missing_description,49,15,Créditos de cartera ordinaria,Créditos de cartera ordinaria - bancodebogota.com
https://www.bancodebogota.com/empresas/productos-de-credito,1,200,missing_description,40,15,Productos de crédito,Productos de crédito - bancodebogota.com
https://www.bancodebogota.com/empresas/productos-de-credito/contingencias/aceptaciones-bancarias,1,200,missing_description,42,15,Aceptaciones Bancarias,Aceptaciones bancarias - bancodebogota.com
https://www.bancodebogota.com/empresas/productos-de-credito/capital-de-trabajo/cupo-rotativo-para-pagos,1,200,missing_description,55,15,Cupo de crédito rotativo para pagos,Cupo de crédito rotativo para pagos - bancodebogota.com
https://www.bancodebogota.com/empresas/productos-de-credito/contingencias/descuento-de-bono-de-prenda,1,200,missing_description,47,15,Descuento de bono de prenda,Descuento de bono de prenda - bancodebogota.com
https://www.bancodebogota.com/empresas/productos-de-credito/contingencias/garantia-bancaria,1,200,missing_description,37,15,Garantía bancaria,Garantía bancaria - bancodebogota.com
https://www.bancodebogota.com/empresas/productos-de-credito/contingencias,1,200,missing_description,33,15,Contingencias,Contingencias - bancodebogota.com
https://www.bancodebogota.com/empresas/productos-de-credito/credito-constructor,1,200,missing_description,39,15,Crédito Constructor,Crédito constructor - bancodebogota.com
https://www.bancodebogota.com/empresas/productos-de-credito/credito-rotativo,1,200,missing_description,36,15,Créditos rotativos,Crédito Rotativo - bancodebogota.com
https://www.bancodebogota.com/empresas/productos-de-credito/credito-rotativo/linea-de-credito-para-pago-de-impuestos,1,200,missing_description,37,15,Crédito para pago de Impuestos,Pago de impuestos - bancodebogota.com
https://www.bancodebogota.com/empresas/productos-de-credito/credito-rotativo/crediservice-comercial,1,200,missing_description,42,15,Crediservice Comercial,Crediservice comercial - bancodebogota.com
https://www.bancodebogota.com/empresas/productos-de-credito/credito-rotativo/credito-activo,1,200,missing_description,34,15,Crédito activo,Crédito activo - bancodebogota.com
https://www.bancodebogota.com/empresas/productos-de-credito/creditos-de-fomento,1,200,missing_description,39,15,Créditos de fomento,Créditos de fomento - bancodebogota.com
https://www.bancodebogota.com/empresas/productos-de-credito/credito-rotativo/pago-cesantias-porvenir,1,200,missing_description,43,15,Crédito para pago de cesantías Porvenir,Pago cesantías porvenir - bancodebogota.com
https://www.bancodebogota.com/empresas/productos-de-credito/creditos-sostenibles,1,200,missing_description,40,15,Créditos sostenibles,Créditos Sostenibles - bancodebogota.com
https://www.bancodebogota.com/empresas/productos-de-credito/creditos-de-fomento/bancoldex,1,200,title_too_short;missing_description,29,15,Bancóldex,Bancoldex - bancodebogota.com
https://www.bancodebogota.com/empresas/productos-de-credito/creditos-de-fomento/finagro,1,200,title_too_short;missing_description,27,15,Fondo Finagro,Finagro - bancodebogota.com
https://www.bancodebogota.com/empresas/productos-de-credito/creditos-de-fomento/findeter,1,200,title_too_short;missing_description,28,15,Findeter,Findeter - bancodebogota.com
https://www.bancodebogota.com/empresas/productos-de-credito/creditos-sostenibles/desarrollo-sostenible,1,200,missing_description,41,15,Crédito de desarrollo sostenible,Desarrollo sostenible - bancodebogota.com
https://www.bancodebogota.com/empresas/productos-de-credito/cupoagil-banco-de-bogota,1,200,missing_description,44,15,Cupoágil Banco de Bogotá,Cupoágil Banco de Bogotá - bancodebogota.com
https://www.bancodebogota.com/empresas/productos-de-credito/lineas-de-facturas,1,200,missing_description,38,15,Líneas de facturas,Líneas de facturas - bancodebogota.com
https://www.bancodebogota.com/empresas/productos-de-credito/lineas-de-facturas/confirming,1,200,missing_description,30,15,Confirming,Confirming - bancodebogota.com
https://www.bancodebogota.com/empresas/productos-de-credito/creditos-sostenibles/credito-constructor-sostenible,1,200,missing_description,50,15,Crédito constructor sostenible,Crédito constructor sostenible - bancodebogota.com
https://www.bancodebogota.com/empresas/productos-de-credito/lineas-de-facturas/factoring-sin-recurso,1,200,missing_description,41,15,Factoring sin recurso,Factoring sin recurso - bancodebogota.com
https://www.bancodebogota.com/empresas/productos-de-credito/lineas-de-facturas/factoring-con-recurso,1,200,missing_description,41,15,Factoring con recurso,Factoring con recurso - bancodebogota.com
https://www.bancodebogota.com/empresas/recaudo-y-pagos/recaudos-en-medios-electronicos/redes-externas,1,200,missing_description,34,15,Redes externas,Redes externas - bancodebogota.com
https://www.bancodebogota.com/empresas/productos-de-credito/lineas-de-facturas/financiacion-a-distribuidores,1,200,missing_description,49,15,Financiación a distribuidores,Financiación a distribuidores - bancodebogota.com
https://www.bancodebogota.com/empresas/productos-de-credito/lineas-de-facturas/pago-proveedores,1,200,missing_description,36,15,Pago a proveedores,Pago proveedores - bancodebogota.com
https://www.bancodebogota.com/empresas/recaudos-y-pagos,1,200,missing_description,36,15,Recaudo y pagos,Recaudos y pagos - bancodebogota.com
https://www.bancodebogota.com/empresas/recaudos-y-pagos/medios-de-pago/dale-negocio,1,200,missing_description,33,15,dale! para tu negocio,Dale negocios - bancodebogota.com
https://www.bancodebogota.com/empresas/recaudos-y-pagos/medios-de-pago/datafono-fisico,1,200,missing_description,35,15,Datáfono físico,Datafono fisico - bancodebogota.com
https://www.bancodebogota.com/empresas/recaudos-y-pagos/medios-de-pago/datafono-digital,1,200,missing_description,36,15,Datáfono digital - Tap to phone,Datafono digital - bancodebogota.com
https://www.bancodebogota.com/empresas/recaudos-y-pagos/medios-de-pago/codigo-qr,1,200,title_too_short;missing_description,29,15,Código QR para ti,Codigo qr - bancodebogota.com
https://www.bancodebogota.com/empresas/recaudos-y-pagos/medios-de-pago/codigo-qr-negocio,1,200,missing_description,37,15,Cobra fácil y rápido con QR para negocios,Código QR negocio - bancodebogota.com
https://www.bancodebogota.com/empresas/recaudos-y-pagos/medios-de-pago/micrositio-abierto,1,200,missing_description,38,15,Micrositio abierto,Micrositio abierto - bancodebogota.com
https://www.bancodebogota.com/empresas/recaudos-y-pagos/medios-de-pago/transferencias-inmediatas,1,200,missing_description,45,15,Transferencias inmediatas,Transferencias inmediatas - bancodebogota.com
https://www.bancodebogota.com/empresas/recaudos-y-pagos/pagos,1,200,title_too_short;missing_description,25,15,Soluciones de pago,Pagos - bancodebogota.com
https://www.bancodebogota.com/empresas/recaudos-y-pagos/medios-de-pago/link-pagos,1,200,missing_description,33,15,Link de pagos,Link de pagos - bancodebogota.com
https://www.bancodebogota.com/empresas/recaudos-y-pagos/medios-de-pago/micrositio-cerrado,1,200,missing_description,38,15,Micrositio cerrado y personalizado,Micrositio cerrado - bancodebogota.com
https://www.bancodebogota.com/empresas/recaudos-y-pagos/medios-de-pago,1,200,missing_description,34,15,¿Miedo a no conocer los medios de pago?,Medios de pago - bancodebogota.com
https://www.bancodebogota.com/empresas/recaudos-y-pagos/medios-de-pago/producto-webcheckout,1,200,missing_description,40,15,Webcheckout,producto webcheckout - bancodebogota.com
https://www.bancodebogota.com/empresas/recaudos-y-pagos/recaudo-en-medios-electronicos/ath,1,200,missing_description,43,15,Medios electrónicos ATH,Medios electrónicos ath - bancodebogota.com
https://www.bancodebogota.com/empresas/recaudos-y-pagos/recaudo-en-medios-electronicos/boton-pagos-internet-pse,1,200,missing_description,44,15,Botón de pagos en Internet PSE,Botón pagos internet PSE - bancodebogota.com
https://www.bancodebogota.com/empresas/recaudos-y-pagos/pagos/giros-empresariales,1,200,missing_description,39,15,Giros empresariales,Giros empresariales - bancodebogota.com
https://www.bancodebogota.com/empresas/recaudos-y-pagos/pagos/api-de-pagos,1,200,missing_description,32,15,API de pagos,API de pagos - bancodebogota.com
https://www.bancodebogota.com/empresas/recaudos-y-pagos/pagos/pensionados,1,200,missing_description,36,15,Pago a pensionados,Pago pensionados - bancodebogota.com
https://www.bancodebogota.com/empresas/recaudos-y-pagos/pagos/facilpass,1,200,title_too_short;missing_description,29,15,Facilpass,Facilpass - bancodebogota.com
https://www.bancodebogota.com/empresas/recaudos-y-pagos/pagos/transportadora-valores,1,200,missing_description,45,15,Transportadora de valores,Transportadora de valores - bancodebogota.com
https://www.bancodebogota.com/empresas/recaudos-y-pagos/recaudo-en-medios-electronicos/aportes-seguridad-social,1,200,missing_description,44,15,Aportes de seguridad social,Aportes seguridad social - bancodebogota.com
https://www.bancodebogota.com/empresas/recaudos-y-pagos/recaudo-en-medios-electronicos/debito-automatico,1,200,missing_description,37,15,Débito automático,Débito automático - bancodebogota.com
https://www.bancodebogota.com/empresas/recaudos-y-pagos/pagos/impuestos-aduanas,1,200,missing_description,42,15,Pago impuestos y aduanas,Pago impuestos aduanas - bancodebogota.com
https://www.bancodebogota.com/empresas/recaudos-y-pagos/pagos/nomina-proveedores,1,200,missing_description,48,15,Pago de nómina y proveedores,Pago de nómina y proveedores - bancodebogota.com
https://www.bancodebogota.com/empresas/recaudos-y-pagos/pagos/red-swift,1,200,title_too_short;missing_description,29,15,Red Swift,Red swift - bancodebogota.com
https://www.bancodebogota.com/empresas/recaudos-y-pagos/recaudo-en-medios-electronicos,1,200,missing_description,51,15,Recaudo en medios electrónicos,Recaudos en medios electrónicos - bancodebogota.com
https://www.bancodebogota.com/empresas/recaudos-y-pagos/recaudo-en-medios-electronicos/datafono,1,200,missing_description,39,15,Ventas con datáfono,Ventas con datafono - bancodebogota.com
https://www.bancodebogota.com/empresas/recaudos-y-pagos/recaudo-en-medios-electronicos/web-service,1,200,missing_description,31,15,Web Service,Web service - bancodebogota.com
https://www.bancodebogota.com/empresas/recaudos-y-pagos/pagos/aportes-parafiscales-pila,1,200,missing_description,53,15,Pago de aportes parafiscales PILA,Pago de aportes parafiscales pila - bancodebogota.com
https://www.bancodebogota.com/empresas/recaudos-y-pagos/recaudo-en-oficinas/consignacion-nacional,1,200,missing_description,41,15,Consignación nacional,Consignación nacional - bancodebogota.com
https://www.bancodebogota.com/empresas/recaudos-y-pagos/recaudo-en-oficinas/tarjeta-recaudo-empresarial,1,200,missing_description,47,15,Tarjeta Recaudo Empresarial,Tarjeta recaudo empresarial - bancodebogota.com
https://www.bancodebogota.com/empresas/recaudos-y-pagos/recaudo-en-oficinas/consignacion-referenciada,1,200,missing_description,45,15,Consignación referenciada,Consignación referenciada - bancodebogota.com
https://www.bancodebogota.com/empresas/recaudos-y-pagos/recaudo-en-oficinas/recaudo-con-codigo-de-barras,1,200,missing_description,48,15,Recaudo con código de barras,Recaudo con código de barras - bancodebogota.com
https://www.bancodebogota.com/empresas/recaudos-y-pagos/recaudo-en-oficinas,1,200,missing_description,39,15,Recaudo en oficinas,Recaudo en Oficinas - bancodebogota.com
https://www.bancodebogota.com/empresas/soluciones-de-informacion/portal-empresarial-y-corporativo,1,200,missing_description,52,15,Portal negocios ICBS,Portal empresarial y corporativo - bancodebogota.com
https://www.bancodebogota.com/empresas/recaudos-y-pagos/recaudo-en-oficinas/recaudo-verde,1,200,missing_description,33,15,Recaudo verde,Recaudo verde - bancodebogota.com
https://www.bancodebogota.com/empresas/soluciones-de-comercio-internacional-y-tesoreria/comercio-internacional/certificado-de-reembolso-tributario,1,200,missing_description,55,15,CERT - Certificado reembolso tributario,Certificado de reembolso tributario - bancodebogota.com
https://www.bancodebogota.com/empresas/recaudos-y-pagos/suite-integral-tesoreria,1,200,missing_description,44,15,Suite integral de tesorería,Suite integral tesoreria - bancodebogota.com
https://www.bancodebogota.com/empresas/soluciones-de-comercio-internacional-y-tesoreria/productos-de-tesoreria,1,200,missing_description,42,15,Productos de tesorería,Productos de tesorería - bancodebogota.com
https://www.bancodebogota.com/empresas/soluciones-de-comercio-internacional-y-tesoreria/productos-y-servicios-en-el-exterior/nassau,1,200,title_too_short;missing_description,26,15,Productos exterior: Nassau,Nassau - bancodebogota.com
https://www.bancodebogota.com/empresas/seguros-pyme,1,200,missing_description,32,15,Contigo en tu negocio: asegura tu Pyme,Seguros pyme - bancodebogota.com
https://www.bancodebogota.com/empresas/soluciones-de-informacion,1,200,missing_description,45,15,Soluciones de información,Soluciones de información - bancodebogota.com
https://www.bancodebogota.com/empresas/soluciones-de-logistica/gestion-de-comercio-exterior,1,200,missing_description,48,15,Gestión de comercio exterior,Gestión de comercio exterior - bancodebogota.com
https://www.bancodebogota.com/empresas/soluciones-de-informacion/centro-de-servicios-corporativos,1,200,missing_description,52,15,Centro de servicios corporativos,Centro de servicios corporativos - bancodebogota.com
https://www.bancodebogota.com/empresas/soluciones-de-logistica,1,200,missing_description,43,15,Soluciones de logística,Soluciones de logística - bancodebogota.com
https://www.bancodebogota.com/empresas/soluciones-de-logistica/gestion-de-transporte-internacional,1,200,missing_description,55,15,Gestión de transporte internacional,Gestión de transporte internacional - bancodebogota.com
https://www.bancodebogota.com/empresas/soluciones-de-logistica/transporte-nacional-y-distribucion,1,200,missing_description,54,15,Transporte nacional y distribución,Transporte nacional y distribución - bancodebogota.com
https://www.bancodebogota.com/empresas/soluciones-de-logistica/logistica-de-almacenamiento,1,200,missing_description,47,15,Logística de almacenamiento,Logística de almacenamiento - bancodebogota.com
https://www.bancodebogota.com/empresas/soluciones-de-logistica/servicios-financieros,1,200,missing_description,41,15,Servicios financieros,Servicios financieros - bancodebogota.com
https://www.bancodebogota.com/empresas/soluciones-financiacion-estructurada,1,200,missing_description,56,15,Financiación Estructurada,Soluciones financiación estructurada - bancodebogota.com
https://www.bancodebogota.com/empresas/tarjetas-de-credito/corporativa,1,200,missing_description,39,15,Tarjeta de crédito corporativa,Tarjeta corporativa - bancodebogota.com
https://www.bancodebogota.com/empresas/tarjetas-de-credito/compras-institucionales,1,200,missing_description,51,15,Tarjeta compras institucionales,Tarjeta compras institucionales - bancodebogota.com
https://www.bancodebogota.com/empresas/tarjetas-de-credito/crecer,1,200,missing_description,42,15,Tarjeta de crédito Crecer,Tarjeta crédito crecer - bancodebogota.com
https://www.bancodebogota.com/empresas/tarjetas-de-credito/logros,1,200,missing_description,42,15,Tarjeta de crédito Logros,Tarjeta crédito logros - bancodebogota.com
https://www.bancodebogota.com/empresas/tarjetas-de-credito/destinos,1,200,missing_description,36,15,Tarjeta de crédito Destinos,Tarjeta destinos - bancodebogota.com
https://www.bancodebogota.com/empresas/tarjetas-de-credito/negocios,1,200,missing_description,44,15,Tarjeta de crédito Negocios,Tarjeta crédito negocios - bancodebogota.com
https://www.bancodebogota.com/empresas/tarjetas-de-credito/latam-business,1,200,missing_description,50,15,Tarjeta de crédito LATAM Business,Tarjeta crédito latam business - bancodebogota.com
https://www.bancodebogota.com/empresas/tarjetas-de-credito/negocios-elite,1,200,missing_description,50,15,Tarjeta de crédito Elite Negocios,Tarjeta crédito elite negocios - bancodebogota.com
https://www.bancodebogota.com/empresas/tarjetas-de-credito/tarjeta-visa-distribucion,1,200,missing_description,45,15,Tarjeta Visa Distribución,Tarjeta visa distribución - bancodebogota.com
https://www.bancodebogota.com/empresas/tarjetas-debito/afinidad,1,200,missing_description,43,15,Tarjeta débito afinidad,Tarjeta débito afinidad - bancodebogota.com
https://www.bancodebogota.com/empresas/tarjetas-debito/crecer,1,200,title_too_short;missing_description,26,15,Tarjeta débito Crecer,Crecer - bancodebogota.com
https://www.bancodebogota.com/empresas/tarjetas-debito,1,200,missing_description,35,15,Tarjetas débito empresariales,Tarjetas débito - bancodebogota.com
https://www.bancodebogota.com/empresas/tarjetas-debito/negocios,1,200,missing_description,43,15,Tarjeta débito Negocios,Tarjeta débito negocios - bancodebogota.com
https://www.bancodebogota.com/empresas/tarjetas-debito/logros,1,200,title_too_short;missing_description,26,15,Tarjeta débito Logros,Logros - bancodebogota.com
https://www.bancodebogota.com/fifa-2026/preguntas-frecuentes,1,200,missing_description,45,15,Preguntas frecuentes,Preguntas frecuentes FIFA - bancodebogota.com
https://www.bancodebogota.com/exte-cuenta-ahorros,1,200,missing_description,39,15,Tu cuenta de ahorros te simplifica la vida,Exte cuenta ahorros - bancodebogota.com
https://www.bancodebogota.com/empresas/tarjetas-debito/cedula-cafetera,1,200,missing_description,35,15,"De su esfuerzo, nace el mejor café",Cédula Cafetera - bancodebogota.com
https://www.bancodebogota.com/informe-de-gestion,1,200,missing_description,40,15,Informe de Gestión y Sostenibilidad,informe gestion 2024 - bancodebogota.com
https://www.bancodebogota.com/informe-gestion-2024-3,1,200,missing_description,40,15,Informe de Gestión y Sostenibilidad,informe gestion 2024 - bancodebogota.com
https://www.bancodebogota.com/informe-gestion-2025,1,200,missing_description,40,15,Informe de Gestión y Sostenibilidad,Informe gestion 2025 - bancodebogota.com
https://www.bancodebogota.com/management-report-2024,1,200,missing_description,42,15,bancodebogota.com,management report 2024 - bancodebogota.com
https://www.bancodebogota.com/nuestra-organizacion/transparencia/politicas-de-cobro/circular-016,1,200,missing_description,32,15,Circular Externa 016 de 2019,Circular 016 - bancodebogota.com
https://www.bancodebogota.com/nuestra-organizacion/transparencia/ley-1836,1,200,title_too_short;missing_description;thin_content,28,15,Otra forma de realizar retiros de tu cuenta,Ley 1836 - bancodebogota.com
https://www.bancodebogota.com/nuestra-organizacion/transparencia/politicas-de-cobro/acuerdos-recuperacion-de-cartera,1,200,missing_description,55,15,Acuerdos de recuperación cartera,Acuerdos de recuperación de cartera - bancodebogota.com
https://www.bancodebogota.com/nuestra-organizacion/transparencia/politicas-de-cobro/terminos-y-condiciones,1,200,missing_description,42,15,Términos y Condiciones,términos y condiciones - bancodebogota.com
https://www.bancodebogota.com/pagina-404,1,200,missing_description;missing_h1,30,15,,Pagina 404 - bancodebogota.com
https://www.bancodebogota.com/personas/beneficios,1,200,missing_description,30,15,Beneficios Banco de Bogotá,Beneficios - bancodebogota.com
https://www.bancodebogota.com/personas/beneficios/plan-lealtad-mejores-puntos,1,200,missing_description,50,15,Mejores puntos,Plan de lealtad mejores puntos - bancodebogota.com
https://www.bancodebogota.com/personas/beneficios/programa-lealtad-tuplus,1,200,missing_description,46,15,tuplús,Programa de lealtad tuplus - bancodebogota.com
https://www.bancodebogota.com/personas/bienes-e-inmuebles,1,200,missing_description,38,15,Bienes e inmuebles disponibles para venta,Bienes e inmuebles - bancodebogota.com
https://www.bancodebogota.com/personas/bienvenida/credito-libre-inversion,1,200,missing_description,43,15,Crédito Libre Inversión,Credito libre inversion - bancodebogota.com
https://www.bancodebogota.com/personas/bienvenida,1,200,missing_description,30,15,10% de descuento en Mercado Libre,Bienvenida - bancodebogota.com
https://www.bancodebogota.com/personas/cdt/especial2,1,200,title_too_short;missing_description,28,15,CDT Especial,Especial - bancodebogota.com
https://www.bancodebogota.com/personas/bienvenida/tarjetas-credito,1,200,missing_description,36,15,Tarjeta de crédito,Tarjetas credito - bancodebogota.com
https://www.bancodebogota.com/personas/bienvenida/cuentas-de-ahorro,1,200,missing_description,37,15,Cuenta de Ahorros,Cuentas de ahorro - bancodebogota.com
https://www.bancodebogota.com/personas/cdt,1,200,title_too_long,71,116,Invierte en un CDT con tasa de hasta 12% E.A.,"CDT | Abre tu cdt en línea, Invierte desde $100.000 - bancodebogota.com"
https://www.bancodebogota.com/personas/cdt/tradicional,1,200,missing_description,31,15,La inversión ideal para ti,Tradicional - bancodebogota.com
https://www.bancodebogota.com/personas/cdt/tradicional/vtu,1,200,title_too_short;missing_description,23,15,VTUP,VTU - bancodebogota.com
https://www.bancodebogota.com/personas/creditos/aportes-voluntarios,1,200,missing_description,39,15,Crédito de aportes voluntarios,Aportes voluntarios - bancodebogota.com
https://www.bancodebogota.com/personas/creditos/beneficios-gobierno/vivienda-interes-prioritario,1,200,missing_description,48,15,Vivienda de Interés Prioritario,Vivienda Interés Prioritario - bancodebogota.com
https://www.bancodebogota.com/personas/creditos/beneficios-gobierno/frech-no-vis-sostenible,1,200,missing_description,43,15,Frech No VIS sostenible,Frech no vis sostenible - bancodebogota.com
https://www.bancodebogota.com/personas/creditos/consumo,1,200,title_too_short;missing_description,27,15,Crédito de Consumo,Consumo - bancodebogota.com
https://www.bancodebogota.com/personas/creditos/colfuturo,1,200,title_too_short;missing_description,29,15,Crédito COLFUTURO,Colfuturo - bancodebogota.com
https://www.bancodebogota.com/personas/creditos/crediservice,1,200,missing_description,32,15,Crediservice,Crediservice - bancodebogota.com
https://www.bancodebogota.com/personas/creditos/crediservice/vtua,1,200,title_too_short;missing_description,23,15,VTUA,VTU - bancodebogota.com
https://www.bancodebogota.com/personas/creditos/portafolio-vivienda,1,200,title_too_long,70,156,Bienvenidos al portafolio de vivienda,Portafolio de Vivienda | Hasta 80 % Financiamiento - bancodebogota.com
https://www.bancodebogota.com/personas/creditos/cupoagil,1,200,missing_description,44,15,Cupoágil Banco de Bogotá,Cupoágil Banco de Bogotá - bancodebogota.com
https://www.bancodebogota.com/personas/creditos/libranza,1,200,title_too_long,68,151,Crédito de libranza,Crédito de Libranza | Cuotas Fijas y Tasas Bajas - bancodebogota.com
https://www.bancodebogota.com/personas/creditos/libre-inversion,1,200,title_too_long,68,147,Crédito libre inversión,Crédito de Libre Inversión | Solicítalo en línea - bancodebogota.com
https://www.bancodebogota.com/personas/creditos/libre-inversion/li-anderson-g,1,200,missing_description,33,15,Viaja por el mundo con un crédito digital,LI Anderson G - bancodebogota.com
https://www.bancodebogota.com/personas/creditos/libre-inversion/vtu,1,200,title_too_short;missing_description,23,15,VTUA,VTU - bancodebogota.com
https://www.bancodebogota.com/personas/creditos/libre-inversion/li-hamilton,1,200,missing_description,31,15,Haz realidad tus sueños con un crédito digital,LI Hamilton - bancodebogota.com
https://www.bancodebogota.com/personas/creditos/tasas-de-interes,1,200,missing_description,36,15,Tasas de interés,Tasas de interés - bancodebogota.com
https://www.bancodebogota.com/personas/creditos/tipos-de-credito,1,200,missing_description,36,15,Tipos de crédito,Tipos de crédito - bancodebogota.com
https://www.bancodebogota.com/personas/cuenta-de-ahorros/afc,1,200,title_too_short;missing_description,23,15,Cuenta de ahorros AFC,AFC - bancodebogota.com
https://www.bancodebogota.com/personas/cuenta-de-ahorros/agremiada,1,200,title_too_short;missing_description,29,15,Cuenta de ahorros Agremiada,Agremiada - bancodebogota.com
https://www.bancodebogota.com/personas/cuenta-de-ahorros/ca-hamilton,1,200,missing_description,31,15,Una cuenta para vivir las Experiencias Aval,CA Hamilton - bancodebogota.com
https://www.bancodebogota.com/personas/cuenta-de-ahorros/aventura,1,200,title_too_short;missing_description,28,15,Cuenta de ahorros Aventura,Aventura - bancodebogota.com
https://www.bancodebogota.com/personas/cuenta-de-ahorros/ahorro-vs-corriente,1,200,missing_description,39,15,Ahorro vs Corriente,Ahorro vs corriente - bancodebogota.com
https://www.bancodebogota.com/personas/cuenta-de-ahorros,1,200,description_too_long,57,167,¡Sin cuota de manejo! con tu Cuenta Fácil,Cuenta de ahorros - Ábrela en minutos - bancodebogota.com
https://www.bancodebogota.com/personas/cuenta-de-ahorros/diferencias-cuenta-de-ahorros-cuenta-corriente,1,200,title_too_long;missing_description,66,15,Diferencias: Ahorro vs Corriente,Diferencias cuenta de ahorros cuenta corriente - bancodebogota.com
https://www.bancodebogota.com/personas/cuenta-de-ahorros/cuenta-mi-trabajo,1,200,missing_description,37,15,Cuenta Mi Trabajo,Cuenta mi trabajo - bancodebogota.com
https://www.bancodebogota.com/personas/cuenta-de-ahorros/pensionados-3,1,200,missing_description;missing_h1;thin_content,31,15,,Pensionados - bancodebogota.com
https://www.bancodebogota.com/personas/cuenta-de-ahorros/programado,1,200,missing_description,30,15,Cuenta de ahorro Programado,Programado - bancodebogota.com
https://www.bancodebogota.com/personas/cuenta-de-ahorros/joven,1,200,title_too_short;missing_description,25,15,Cuenta de ahorros Joven,Joven - bancodebogota.com
https://www.bancodebogota.com/personas/cuenta-de-ahorros/requisitos,1,200,missing_description,30,15,Requisitos para abrir una cuenta,Requisitos - bancodebogota.com
https://www.bancodebogota.com/personas/cuenta-de-ahorros/flexiahorro,1,200,missing_description,31,15,Cuenta de ahorros Flexiahorro,Flexiahorro - bancodebogota.com
https://www.bancodebogota.com/personas/cuenta-de-ahorros/econocuenta,1,200,missing_description,31,15,Depósito de bajo monto Econocuenta,Econocuenta - bancodebogota.com
https://www.bancodebogota.com/personas/experiencias-aval,1,200,title_too_long,74,151,Experiencias Aval,Experiencias Aval – Preventas Exclusivas de Conciertos - bancodebogota.com
https://www.bancodebogota.com/personas/cuenta-de-ahorros/tarjetas-debito/asistencias-tarjeta-debito,1,200,missing_description,46,15,Asistencias,Asistencias tarjeta debito - bancodebogota.com
https://www.bancodebogota.com/personas/cuenta-de-ahorros/tarjetas-debito/codigo-cvv,1,200,missing_description,30,15,Código CVV,Codigo-cvv - bancodebogota.com
https://www.bancodebogota.com/personas/cuenta-de-ahorros/libreahorro,1,200,missing_description,31,15,Cuenta de ahorros Libreahorro,Libreahorro - bancodebogota.com
https://www.bancodebogota.com/personas/depositos,1,200,missing_description,37,15,El que ahorra gana hasta $12 millones,Campana depositos - bancodebogota.com
https://www.bancodebogota.com/personas/cuenta-de-ahorros/pagos-en-linea,1,200,missing_description,34,15,Pagos en línea,Pagos en línea - bancodebogota.com
https://www.bancodebogota.com/personas/cuenta-de-ahorros/tarjetas-debito/amparada,1,200,title_too_short;missing_description,28,15,Tarjeta débito Amparada,Amparada - bancodebogota.com
https://www.bancodebogota.com/personas/cuenta-de-ahorros/mi-grupo-es-aval,1,200,missing_description,36,15,Te damos la bienvenida a Mi Grupo Es Aval,Mi grupo es aval - bancodebogota.com
https://www.bancodebogota.com/personas/cuenta-de-ahorros/rentahorro,1,200,missing_description,30,15,Cuenta de ahorros Rentahorro,Rentahorro - bancodebogota.com
https://www.bancodebogota.com/personas/cuenta-de-ahorros/prestige,1,200,title_too_short;missing_description,28,15,Cuenta de Ahorros Prestige,Prestige - bancodebogota.com
https://www.bancodebogota.com/personas/informacion-productos-servicios/formato-apertura-productos,1,200,missing_description;thin_content,46,15,Formato apertura de productos,Formato apertura productos - bancodebogota.com
https://www.bancodebogota.com/personas/informacion-productos-servicios,1,200,missing_description,53,15,Productos y servicios,Información productos y servicios - bancodebogota.com
https://www.bancodebogota.com/personas/feria-digital,1,200,missing_description,33,15,Feria Digital Banco de Bogotá,Feria digital - bancodebogota.com
https://www.bancodebogota.com/personas/informacion-productos-servicios/terminos-condiciones,1,200,missing_description,42,15,Términos y condiciones,Términos y condiciones - bancodebogota.com
https://www.bancodebogota.com/personas/extractos,1,200,title_too_short;missing_description,29,15,¿Cómo entender tus extractos?,Extractos - bancodebogota.com
https://www.bancodebogota.com/personas/leasing/maquinaria-equipo-software,1,200,missing_description,60,15,"Leasing maquinaria, equipo y software","Leasing de maquinaria, equipo y software - bancodebogota.com"
https://www.bancodebogota.com/personas/leasing/leasing-inmobiliario,1,200,missing_description,40,15,Leasing Inmobiliario,Leasing Inmobiliario - bancodebogota.com
https://www.bancodebogota.com/personas/leasing/habitacional-no-familiar,1,200,missing_description,52,15,Leasing habitacional no familiar,Leasing habitacional no familiar - bancodebogota.com
https://www.bancodebogota.com/personas/juega-refiere-y-gana,1,200,missing_description,43,15,"¡Juega, refiere y gana!","¡Juega, refiere y gana! - bancodebogota.com"
https://www.bancodebogota.com/personas/promociones/ext-cuenta-facil,1,200,missing_description,36,15,Tus ahorros merecen una Cuenta Fácil,Ext Cuenta Facil - bancodebogota.com
https://www.bancodebogota.com/personas/leasing/recarga-leasing,1,200,missing_description,35,15,Recarga Leasing,Recarga Leasing - bancodebogota.com
https://www.bancodebogota.com/personas/opciones-ponerte-al-dia,1,200,missing_description,43,15,Opciones para ponerte al día,Opciones ponerte al día - bancodebogota.com
https://www.bancodebogota.com/personas/portafolios,1,200,missing_description,31,15,Portafolios,Portafolios - bancodebogota.com
https://www.bancodebogota.com/personas/portafolios/preferente,1,200,missing_description,41,15,Portafolio Segmento Preferente,Portafolio preferente - bancodebogota.com
https://www.bancodebogota.com/personas/portafolios/premium,1,200,missing_description,38,15,Portafolio Premium,Portafolio premium - bancodebogota.com
https://www.bancodebogota.com/personas/promociones/exte-ca,1,200,title_too_short;missing_description,27,15,Tu cuenta de ahorros te simplifica la vida,Exte CA - bancodebogota.com
https://www.bancodebogota.com/personas/promociones/exte-tc,1,200,title_too_short;missing_description,27,15,Elige tu tarjeta de crédito ideal,Exte TC - bancodebogota.com
https://www.bancodebogota.com/personas/seguros/auto-protegido-plus,1,200,missing_description,39,15,Auto Protegido Plus,Auto protegido plus - bancodebogota.com
https://www.bancodebogota.com/personas/promociones/oferta-instacupo,1,200,missing_description,36,15,Instacupo,Oferta instacupo - bancodebogota.com
https://www.bancodebogota.com/personas/seguros/cancer,1,200,title_too_short;missing_description,26,15,Seguro de cáncer,Cáncer - bancodebogota.com
https://www.bancodebogota.com/personas/promociones/productos-digitales-chf,1,200,missing_description,43,15,Productos digitales Banco de Bogotá,Productos digitales chf - bancodebogota.com
https://www.bancodebogota.com/personas/seguros/accidentes-personales-para-credito-de-libranza,1,200,title_too_long;missing_description,67,15,Seguro de accidentes personales,Accidentes personales para créditos de libranza - bancodebogota.com
https://www.bancodebogota.com/personas/seguros/bolso-protegido,1,200,missing_description,35,15,Seguro bolso protegido,Bolso protegido - bancodebogota.com
https://www.bancodebogota.com/personas/seguros/cuenta-protegida-integral,1,200,missing_description,45,15,Seguro cuenta protegida integral,Cuenta protegida integral - bancodebogota.com
https://www.bancodebogota.com/personas/seguros/cuota-protegida-asalariados,1,200,missing_description,47,15,Cuota Protegida Asalariados,Cuota protegida asalariados - bancodebogota.com
https://www.bancodebogota.com/personas/seguros/cuenta-protegida,1,200,missing_description,36,15,Seguro cuenta protegida,Cuenta protegida - bancodebogota.com
https://www.bancodebogota.com/personas/seguros/cuota-protegida-asalariados-autos,1,200,missing_description,53,15,Cuota Protegida Asalariados,Cuota protegida asalariados autos - bancodebogota.com
https://www.bancodebogota.com/personas/seguros/cuota-protegida,1,200,missing_description,39,15,Seguro cuota protegida,Seguro de desempleo - bancodebogota.com
https://www.bancodebogota.com/personas/seguros/cuota-protegida-asalariados-crediservice,1,200,missing_description,60,15,Cuota asalariados Crediservice,Cuota protegida asalariados crediservice - bancodebogota.com
https://www.bancodebogota.com/personas/seguros/cuota-protegida-independientes-crediservice,1,200,missing_description,63,15,Cuota protegida independependientes,Cuota protegida independientes crediservice - bancodebogota.com
https://www.bancodebogota.com/personas/seguros/cuota-protegida-independientes,1,200,missing_description,50,15,Cuota Protegida Independientes,Cuota protegida independientes - bancodebogota.com
https://www.bancodebogota.com/personas/seguros/cuota-protegida-independientes-autos,1,200,missing_description,56,15,Cuota Protegida Independientes,Cuota protegida independientes autos - bancodebogota.com
https://www.bancodebogota.com/personas/seguros/cuota-protegida-libranza,1,200,missing_description,44,15,Cuota Protegida Libranza,Cuota protegida libranza - bancodebogota.com
https://www.bancodebogota.com/personas/seguros/cuota-protegida-vivienda,1,200,missing_description,44,15,Cuota protegida vivienda,Cuota protegida vivienda - bancodebogota.com
https://www.bancodebogota.com/personas/seguros/cuota-protegida-vivienda-asalariados,1,200,missing_description,56,15,Cuota Protegida Vivienda asalariados,Cuota protegida vivienda asalariados - bancodebogota.com
https://www.bancodebogota.com/personas/seguros/microempresario-seguro,1,200,missing_description,42,15,Microempresario Seguro,Microempresario Seguro - bancodebogota.com
https://www.bancodebogota.com/personas/seguros/cuota-protegida-vivienda-independientes,1,200,missing_description,59,15,Cuota vivienda  Independientes,Cuota protegida vivienda independientes - bancodebogota.com
https://www.bancodebogota.com/personas/seguros/enfermedad-grave,1,200,missing_description,36,15,Seguro de enfermedades graves,Enfermedad grave - bancodebogota.com
https://www.bancodebogota.com/personas/seguros/hogar-seguro,1,200,missing_description,32,15,Hogar seguro,Hogar seguro - bancodebogota.com
https://www.bancodebogota.com/personas/seguros/pensionados-libranza-bienestar-y-vida,1,200,missing_description,57,15,"Pensionados Libranza, Bienestar y Vida",Pensionados libranza bienestar y vida - bancodebogota.com
https://www.bancodebogota.com/personas/seguros/polizas-asociadas-a-creditos,1,200,missing_description,48,15,Pólizas asociadas a créditos,Pólizas asociadas a créditos - bancodebogota.com
https://www.bancodebogota.com/personas/seguros/multiasistencias,1,200,missing_description,36,15,Portafolio multiasistencias,Multiasistencias - bancodebogota.com
https://www.bancodebogota.com/personas/seguros/polizas-asociadas-a-creditos/endosadas,1,200,title_too_short;missing_description,29,15,Pólizas endosadas,Endosadas - bancodebogota.com
https://www.bancodebogota.com/personas/seguros/movilidad-segura,1,200,missing_description,36,15,Movilidad segura,Movilidad segura - bancodebogota.com
https://www.bancodebogota.com/personas/seguros/proteccion-integral-cancer,1,200,missing_description,46,15,Seguro protección integral cáncer,Protección integral cáncer - bancodebogota.com
https://www.bancodebogota.com/personas/seguros/proteccion-integral-familia,1,200,missing_description,48,15,Protección integral familiar,Protección integral familiar - bancodebogota.com
https://www.bancodebogota.com/personas/seguros/proteccion-mascotas,1,200,missing_description,39,15,Seguro protección mascotas,Protección mascotas - bancodebogota.com
https://www.bancodebogota.com/personas/seguros/siniestros,1,200,missing_description,30,15,Siniestros,Siniestros - bancodebogota.com
https://www.bancodebogota.com/personas/seguros/vida-alto-valor,1,200,missing_description,35,15,Seguro de Vida Alto Valor,Vida alto valor - bancodebogota.com
https://www.bancodebogota.com/personas/tarjetas-de-credito/aliada/vtu,1,200,title_too_short;missing_description,23,15,VTUA para tarjeta de crédito Aliada,VTU - bancodebogota.com
https://www.bancodebogota.com/personas/seguros/proteccion-vida,1,200,missing_description,35,15,Seguro Protección Vida,Protección vida - bancodebogota.com
https://www.bancodebogota.com/personas/seguros/tarjeta-protegida-integral,1,200,missing_description,46,15,Seguro tarjeta protegida integral,Tarjeta protegida integral - bancodebogota.com
https://www.bancodebogota.com/personas/seguros/segmento-experiencia,1,200,missing_description,40,15,Seguro segmento Pensionados,Segmento experiencia - bancodebogota.com
https://www.bancodebogota.com/personas/seguros/proteccion-personal,1,200,missing_description,39,15,Seguro Protección Personal,Protección personal - bancodebogota.com
https://www.bancodebogota.com/personas/seguros/retiro-mas-seguro,1,200,missing_description,37,15,Retiro más seguro,Retiro más seguro - bancodebogota.com
https://www.bancodebogota.com/personas/seguros/tarjeta-protegida,1,200,missing_description,37,15,Seguro tarjeta protegida,Tarjeta Protegida - bancodebogota.com
https://www.bancodebogota.com/personas/servicio-transfiya,1,200,title_too_short;missing_description,29,15,"Adiós a Transfiya, dale la bienvenida a Bre-B",Transfiya - bancodebogota.com
https://www.bancodebogota.com/personas/seguros/vida-ahorrador,1,200,missing_description,34,15,Seguro vida ahorrador,Vida ahorrador - bancodebogota.com
https://www.bancodebogota.com/personas/seguros/seguro-proteccion-vida,1,200,missing_description,42,15,Seguro de vida personalizado,Seguro proteccion vida - bancodebogota.com
https://www.bancodebogota.com/personas/seguros/seguro-proteccion-financiera-independientes,1,200,missing_description,63,15,Seguro personalizado para independientes,Seguro proteccion financiera independientes - bancodebogota.com
https://www.bancodebogota.com/personas/seguros/seguro-proteccion-financiera-empleados,1,200,missing_description,58,15,Seguro personalizado para empleados,Seguro proteccion financiera empleados - bancodebogota.com
https://www.bancodebogota.com/personas/tarjetas-de-credito/alivios,1,200,missing_description,39,15,Alivios financieros,Alivios financieros - bancodebogota.com
https://www.bancodebogota.com/personas/tarjetas-de-credito,1,200,title_too_long,79,149,Tarjetas de crédito,Tarjeta de Crédito online: Pídela en línea en pocos minutos - bancodebogota.com
https://www.bancodebogota.com/personas/seguros/seguro-proteccion-salud,1,200,missing_description,43,15,Seguro de salud personalizado,Seguro proteccion salud - bancodebogota.com
https://www.bancodebogota.com/personas/tarjetas-de-credito/clasica/vtu,1,200,title_too_short;missing_description,23,15,VTUA para tarjeta de crédito Clásica,vtu - bancodebogota.com
https://www.bancodebogota.com/personas/tarjetas-de-credito/avances,1,200,title_too_short;missing_description,27,15,Avances con tarjeta de crédito,Avances - bancodebogota.com
https://www.bancodebogota.com/personas/tarjetas-de-credito/amparada,1,200,title_too_short;missing_description,28,15,Tarjeta de crédito amparada,Amparada - bancodebogota.com
https://www.bancodebogota.com/personas/tarjetas-de-credito/black-week,1,200,missing_description,30,15,La fiesta del fútbol empieza con ofertas,Black week - bancodebogota.com
https://www.bancodebogota.com/personas/tarjetas-de-credito/pago-impuestos,1,200,missing_description,37,15,Pago de impuestos,Pago de impuestos - bancodebogota.com
https://www.bancodebogota.com/personas/tarjetas-de-credito/tarjetas-latam,1,200,title_too_long,78,150,La Tarjeta ideal para seguir viajando,"Tarjetas LATAM Pass Banco de Bogotá | Millas, viajes y más - bancodebogota.com"
https://www.bancodebogota.com/personas/tarjetas-de-credito/tasas-de-interes,1,200,missing_description,36,15,Tasa de interés,Tasas de interés - bancodebogota.com
https://www.bancodebogota.com/personas/tarjetas-de-credito/sin-cuota-de-manejo,1,200,missing_description,39,15,Tarjeta de crédito sin cuota de manejo,Sin cuota de manejo - bancodebogota.com
https://www.bancodebogota.com/proyecto-unicef,1,200,missing_description,35,15,Impulsamos la niñez en Colombia,Proyecto unicef - bancodebogota.com
https://www.bancodebogota.com/personas/tarjetas-de-credito/infinite,1,200,title_too_long,101,147,Tarjeta de Crédito Visa Infinite,"Tarjeta de Crédito Visa Infinite | Lujo en Viajes, Seguros Exclusivos y Salas VIP - bancodebogota.com"
https://www.bancodebogota.com/sostenibilidad,1,200,missing_description,34,15,Sostenibilidad Banco de Bogotá,Sostenibilidad - bancodebogota.com
https://www.bancodebogota.com/sostenibilidad/fundacion-banco-de-bogota/educacion-y-bienestar-social/alejandro-torres,1,200,missing_description,36,15,Alejandro Torres,Alejandro Torres - bancodebogota.com
https://www.bancodebogota.com/sostenibilidad/fundacion-banco-de-bogota/educacion-y-bienestar-social/astrid-sarria,1,200,missing_description,33,15,Astrid Sarria,Astrid Sarria - bancodebogota.com
https://www.bancodebogota.com/sostenibilidad/fundacion-banco-de-bogota/educacion-y-bienestar-social,1,200,missing_description,48,15,Educación y bienestar social,Educación y bienestar social - bancodebogota.com
https://www.bancodebogota.com/sostenibilidad/biblioteca,1,200,missing_description,30,15,Biblioteca ASG,Biblioteca - bancodebogota.com
https://www.bancodebogota.com/sostenibilidad/fundacion-banco-de-bogota/educacion-y-bienestar-social/cristian-ropero,1,200,missing_description,35,15,Cristian Ropero,Cristian Ropero - bancodebogota.com
https://www.bancodebogota.com/sostenibilidad/fundacion-banco-de-bogota,1,200,missing_description,45,15,Fundación Banco de Bogotá,Fundación Banco de Bogotá - bancodebogota.com
https://www.bancodebogota.com/sostenibilidad/fundacion-banco-de-bogota/educacion-y-bienestar-social/paola-monroy,1,200,missing_description,32,15,Paola Monroy,Paola Monroy - bancodebogota.com
https://www.bancodebogota.com/sostenibilidad/ambiental,1,200,title_too_short;missing_description,29,15,Ambiental,Ambiental - bancodebogota.com
https://www.bancodebogota.com/sostenibilidad/estrategia-asg,1,200,missing_description,34,15,Estrategia ASG,Estrategia asg - bancodebogota.com
https://www.bancodebogota.com/sostenibilidad/fundacion-banco-de-bogota/proteccion-ambiental,1,200,missing_description,40,15,Protección ambiental,Protección ambiental - bancodebogota.com
https://www.bancodebogota.com/sostenibilidad/fundacion-banco-de-bogota/quienes-somos,1,200,missing_description,33,15,¿Quiénes somos?,Quienes somos - bancodebogota.com
https://www.bancodebogota.com/sostenibilidad/fundacion-banco-de-bogota/emprendimiento-social-y-climatico,1,200,missing_description,53,15,Emprendimiento social y climático,Emprendimiento social y climatico - bancodebogota.com
https://www.bancodebogota.com/sostenibilidad/library-anterior,1,200,missing_description,36,15,Library,Library anterior - bancodebogota.com
https://www.bancodebogota.com/sostenibilidad/gobierno,1,200,title_too_short;missing_description,28,15,Gobierno,Gobierno - bancodebogota.com
https://www.bancodebogota.com/sustainability/environmental,1,200,missing_description,33,15,Environmental,Environmental - bancodebogota.com
https://www.bancodebogota.com/sustainability,1,200,missing_description,34,15,Sustainability at Banco de Bogotá,Sustainability - bancodebogota.com
https://www.bancodebogota.com/tasas-y-tarifas/tarifas-personas,1,200,missing_description,36,15,Tarifas Personas,Tarifas Personas - bancodebogota.com
https://www.bancodebogota.com/tasas-y-tarifas,1,200,missing_description,35,15,Tasas y tarifas,Tasas y tarifas - bancodebogota.com
https://www.bancodebogota.com/sostenibilidad/social,1,200,title_too_short;missing_description,26,15,Social,Social - bancodebogota.com
https://www.bancodebogota.com/sustainability/governance,1,200,missing_description,30,15,Governance,Governance - bancodebogota.com
https://www.bancodebogota.com/tasas-y-tarifas/tasas-2014,1,200,missing_description;thin_content,30,15,Tasas 2014,Tasas 2014 - bancodebogota.com
https://www.bancodebogota.com/tasas-y-tarifas/tarifas-empresas,1,200,missing_description,36,15,Tarifas Empresas,Tarifas Empresas - bancodebogota.com
https://www.bancodebogota.com/tasas-y-tarifas/tarifas-internacional,1,200,missing_description,41,15,Tarifas Internacional,Tarifas Internacional - bancodebogota.com
https://www.bancodebogota.com/sustainability/esg-strategy,1,200,missing_description,32,15,ESG Strategy,esg strategy - bancodebogota.com
https://www.bancodebogota.com/tasas-y-tarifas/tarifas-pyme,1,200,missing_description,32,15,Tarifas Pyme,Tarifas Pyme - bancodebogota.com
https://www.bancodebogota.com/tasas-y-tarifas/tasas-2015,1,200,missing_description;thin_content,30,15,Tasas 2015,Tasas 2015 - bancodebogota.com
https://www.bancodebogota.com/sustainability/library,1,200,title_too_short;missing_description,27,15,ESG Library,Library - bancodebogota.com
https://www.bancodebogota.com/tasas-y-tarifas/tasas-2016,1,200,missing_description;thin_content,30,15,Tasas 2016,Tasas 2016 - bancodebogota.com
https://www.bancodebogota.com/tasas-y-tarifas/tasas-2017,1,200,missing_description;thin_content,30,15,Tasas 2017,Tasas 2017 - bancodebogota.com
https://www.bancodebogota.com/tag-aval,1,200,title_too_long,86,141,Dile hola a tu llave Tag Aval,Tag Aval - Tu llave personalizada para transferencias entre bancos - bancodebogota.com
https://www.bancodebogota.com/sustainability/social-en,1,200,title_too_short;missing_description,29,15,Social,Social en - bancodebogota.com
https://www.bancodebogota.com/tasas-y-tarifas/tasas-2019,1,200,missing_description;thin_content,30,15,Tasas 2019,Tasas 2019 - bancodebogota.com
https://www.bancodebogota.com/tasas-y-tarifas/tasas-2018,1,200,missing_description;thin_content,30,15,Tasas 2018,Tasas 2018 - bancodebogota.com
https://www.bancodebogota.com/tyc,1,200,missing_description,42,15,Términos y condiciones,Terminos y condiciones - bancodebogota.com
https://www.bancodebogota.com/tyc/2025-alianza-0-interes-claro,1,200,missing_description,48,15,COMUNICACIÓN CELULAR S.A.,2025 alianza 0 interes claro - bancodebogota.com
https://www.bancodebogota.com/tasas-y-tarifas/tasas-2022,1,200,missing_description;thin_content,30,15,Tasas 2022,Tasas 2022 - bancodebogota.com
https://www.bancodebogota.com/tyc/2025-alianza-despegar-cero-porciento,1,200,missing_description,56,15,Alianza “Despegar 0%”,2025 alianza despegar cero porciento - bancodebogota.com
https://www.bancodebogota.com/tasas-y-tarifas/tasas-2026,1,200,missing_description;thin_content,30,15,Tasas 2026,Tasas 2026 - bancodebogota.com
https://www.bancodebogota.com/tyc/2025-akt-moto-forte,1,200,missing_description,39,15,Campaña AKT y Moto Forte,2025 akt moto forte - bancodebogota.com
https://www.bancodebogota.com/tasas-y-tarifas/tasas-2020,1,200,missing_description;thin_content,30,15,Tasas 2020,Tasas 2020 - bancodebogota.com
https://www.bancodebogota.com/tasas-y-tarifas/tasas-2023,1,200,missing_description;thin_content,30,15,Tasas 2023,Tasas 2023 - bancodebogota.com
https://www.bancodebogota.com/tyc/2025-alianza-despegar-tarjetazo,1,200,missing_description,51,15,Campaña “Alianza – Despegar Tarjetazo”,2025 alianza despegar tarjetazo - bancodebogota.com
https://www.bancodebogota.com/tasas-y-tarifas/tasas-2021,1,200,missing_description;thin_content,30,15,Tasas 2021,Tasas 2021 - bancodebogota.com
https://www.bancodebogota.com/tasas-y-tarifas/tasas-2024,1,200,missing_description;thin_content,30,15,Tasas 2024,Tasas 2024 - bancodebogota.com
https://www.bancodebogota.com/tyc/2025-alianza-chevignon,1,200,missing_description,42,15,Alianza “CHEVIGNON”,2025 alianza chevignon - bancodebogota.com
https://www.bancodebogota.com/tyc/2025-alianza-alfa,1,200,missing_description,37,15,Alianza “DESCUENTO ALFA”,2025 alianza alfa - bancodebogota.com
https://www.bancodebogota.com/tasas-y-tarifas/tasas-2025,1,200,missing_description;thin_content,30,15,Tasas 2025,Tasas 2025 - bancodebogota.com
https://www.bancodebogota.com/tyc/2025-alianza-ambiente-gourmet,1,200,missing_description,49,15,Alianza “AMBIENTE GOURMET”,2025-alianza-ambiente-gourmet - bancodebogota.com
https://www.bancodebogota.com/tyc/2025-alianza-destino-estados-unidos,1,200,missing_description,57,15,Alianza – Destino Estados Unidos,2025 Alianza - Destino Estados Unidos - bancodebogota.com
https://www.bancodebogota.com/tyc/2025-alianza-le-coq-sportif-colombia,1,200,missing_description,56,15,Alianza “LE COQ SPORTIF COLOMBIA”,2025 alianza le coq sportif colombia - bancodebogota.com
https://www.bancodebogota.com/transparencia,1,200,missing_description,49,15,Transparencia y acceso a la información,Transparencia Banco de Bogotá - bancodebogota.com
https://www.bancodebogota.com/tyc/2025-asistente-virtual,1,200,missing_description,42,15,Asistente Virtual,2025 asistente virtual - bancodebogota.com
https://www.bancodebogota.com/tyc/2025-beneficio-libre-destino-cuenta-nomina,1,200,missing_description,62,15,Beneficios especiales de tu Cuenta de nómina,2025 beneficio libre destino cuenta nomina - bancodebogota.com
https://www.bancodebogota.com/tyc/2025-alianza-oboticario,1,200,missing_description,43,15,Alianza “O BOTICARIO”,2025 alianza oboticario - bancodebogota.com
https://www.bancodebogota.com/tyc/2025-alianza-oma,1,200,missing_description,36,15,Alianza “OMA”,2025 alianza oma - bancodebogota.com
https://www.bancodebogota.com/tyc/2025-alianza-micelu-tarjeta-credito,1,200,missing_description,55,15,Alianza micelu.co S.A.S,2025 alianza micelu tarjeta credito - bancodebogota.com
https://www.bancodebogota.com/tyc/2025-alianza-price-travel,1,200,missing_description,45,15,Alianza “PRICE TRAVEL”,2025 alianza price travel - bancodebogota.com
https://www.bancodebogota.com/tyc/2025-alianza-presto,1,200,missing_description,39,15,Alianza “PRESTO”,2025 alianza presto - bancodebogota.com
https://www.bancodebogota.com/tyc/2025-banca-movil-whatsapp-bre-b,1,200,missing_description,51,15,Banca móvil,2025 banca movil whatsapp bre b - bancodebogota.com
https://www.bancodebogota.com/tyc/2025-beneficio-vehiculo-cuenta-nomina,1,200,missing_description,57,15,Beneficios especiales de tu Cuenta de nómina,2025 beneficio vehiculo cuenta nomina - bancodebogota.com
https://www.bancodebogota.com/tyc/2025-campana-retencion,1,200,missing_description,42,15,Retos de Facturación Tarjeta de Crédito,2025 campana retencion - bancodebogota.com
https://www.bancodebogota.com/tyc/2025-campana-credicell-cero-porciento,1,200,missing_description,57,15,Campaña CREDICELL 0%,2025 campana credicell cero porciento - bancodebogota.com
https://www.bancodebogota.com/tyc/2025-beneficios-especiales-de-tu-cuenta-de-nomina,1,200,title_too_long;missing_description,69,15,Beneficios especiales Cuenta de nómina,2025 Beneficios especiales de tu cuenta de nómina - bancodebogota.com
https://www.bancodebogota.com/tyc/2025-campana-dia-del-padre,1,200,missing_description,46,15,Campaña Día del padre 2025,2025 campana dia del padre - bancodebogota.com
https://www.bancodebogota.com/tyc/2025-campana-tc-amor-y-amistad,1,200,missing_description,50,15,Campaña “Amor y amistad 2025”,2025 campana tc amor y amistad - bancodebogota.com
https://www.bancodebogota.com/tyc/2025-campana-td-amor-y-amistad,1,200,missing_description,50,15,"Campaña “Si inviertes en el amor, ganas”",2025 campana td amor y amistad - bancodebogota.com
https://www.bancodebogota.com/tyc/2025-campana-yango,1,200,missing_description,38,15,CAMPAÑA YANGO,2025 campana yango - bancodebogota.com
https://www.bancodebogota.com/tyc/2025-campania-remeseas-familiares,1,200,missing_description,53,15,Campaña “Remesas Familiares”,2025 campania remeseas familiares - bancodebogota.com
https://www.bancodebogota.com/tyc/2025-cdts-con-millas-lifemiles,1,200,missing_description,50,15,Campaña “CDTS con millas Lifemiles”,2025 cdts con millas lifemiles - bancodebogota.com
https://www.bancodebogota.com/tyc/2025-crediconvenio-digital,1,200,missing_description,46,15,Crediconvenio Digital,2025 crediconvenio digital - bancodebogota.com
https://www.bancodebogota.com/tyc/2025-colocacion-tc-bonos-kift,1,200,missing_description,49,15,Colocación Tarjeta de Crédito con Bonos Kift,2025 colocacion tc bonos kift - bancodebogota.com
https://www.bancodebogota.com/tyc/2025-corresponsal-bancario-cuenta-nomina,1,200,missing_description,60,15,Beneficios especiales con corresponsales,2025 corresponsal bancario cuenta nomina - bancodebogota.com
https://www.bancodebogota.com/tyc/2025-cross-border-tc-td-visa,1,200,missing_description,48,15,Cross Border Tarjeta de Crédito y Débito Visa,2025 cross border tc td visa - bancodebogota.com
https://www.bancodebogota.com/tyc/2025-cuenta-de-nomina,1,200,missing_description,41,15,Cuenta de Nómina (con convenio),2025 cuenta de nomina - bancodebogota.com
https://www.bancodebogota.com/tyc/2025-crediservice-siempre-contigo,1,200,missing_description,53,15,Campaña “Crediservice siempre contigo”,2025 crediservice siempre contigo - bancodebogota.com
https://www.bancodebogota.com/tyc/2025-credito-libre-destino-tasa-especial,1,200,missing_description,60,15,Crédito Libre Destino con Tasa especial,2025 credito libre destino tasa especial - bancodebogota.com
https://www.bancodebogota.com/tyc/2025-cuenta-mi-trabajo,1,200,missing_description,42,15,Cuenta Mi Trabajo (sin convenio),2025 cuenta mi trabajo - bancodebogota.com
https://www.bancodebogota.com/tyc/2025-cuenta-nomina-vivienda,1,200,missing_description,47,15,Beneficios especiales de tu Cuenta de nómina,2025 cuenta nomina vivienda - bancodebogota.com
https://www.bancodebogota.com/tyc/2025-el-que-ahorra-gana,1,200,missing_description,43,15,Campaña El que ahorra gana,2025 el que ahorra gana - bancodebogota.com
https://www.bancodebogota.com/tyc/2025-cuenta-de-nomina-beneficios-especiales,1,200,missing_description,63,15,Cuenta de Nómina (beneficios especiales),2025 cuenta de nomina beneficios especiales - bancodebogota.com
https://www.bancodebogota.com/tyc/2025-despega-con-tus-compras,1,200,missing_description,48,15,Campaña Despega con tus Compras,2025 despega con tus compras - bancodebogota.com
https://www.bancodebogota.com/tyc/2025-enrolamiento-apple-pay-tc-mastercard,1,200,missing_description,61,15,Campaña Incentivo enrolamiento,2025 enrolamiento apple pay tc mastercard - bancodebogota.com
https://www.bancodebogota.com/tyc/2025-facturacion-apple-pay-tc-mastercard,1,200,missing_description,60,15,Campaña Incentivo facturación,2025 facturacion apple pay tc mastercard - bancodebogota.com
https://www.bancodebogota.com/tyc/2025-exoneracion-cuota-administracion-crediservice,1,200,title_too_long;missing_description,70,15,Campaña “Exoneración cuota admistración”,2025-exoneracion-cuota-administracion-crediservice - bancodebogota.com
https://www.bancodebogota.com/tyc/2025-experiencia-del-futbol-mas-grande-del-planeta-empresas,1,200,title_too_long;missing_description,79,15,¡Experiencia del fútbol más grande del planeta!,2025 experiencia del futbol mas grande del planeta empresas - bancodebogota.com
https://www.bancodebogota.com/tyc/2025-experiencia-del-futbol-tc-octubre,1,200,missing_description,58,15,¡Vamos a la experiencia del fútbol!,2025 experiencia del futbol tc octubre - bancodebogota.com
https://www.bancodebogota.com/tyc/2025-fifa-is-all-yours-visa,1,200,missing_description,47,15,Campaña “FIFA is all yours VISA”,2025 fifa is all yours visa - bancodebogota.com
https://www.bancodebogota.com/tyc/2025-fifa-preventa-sin-interes,1,200,missing_description,50,15,Campaña “VISA FIFA Preventa sin intereses”,2025 fifa preventa sin interes - bancodebogota.com
https://www.bancodebogota.com/tyc/2025-google-pay,1,200,missing_description,35,15,Uso del servicio Google Pay,2025 google pay - bancodebogota.com
https://www.bancodebogota.com/tyc/2025-fin-de-anio-con-crediservice,1,200,missing_description,53,15,Campaña “Fin de año con Crediservice”,2025 fin de anio con crediservice - bancodebogota.com
https://www.bancodebogota.com/tyc/2025-golden-ticket,1,200,missing_description,38,15,Campaña “Golden Ticket”,2025 golden ticket - bancodebogota.com
https://www.bancodebogota.com/tyc/2025-halloween-tarjeta-de-credito,1,200,missing_description,53,15,Campaña “Halloween TC”,2025 halloween tarjeta de credito - bancodebogota.com
https://www.bancodebogota.com/tyc/2025-la-cuenta-que-tu-camello-merece,1,200,missing_description,56,15,Campaña La cuenta que tu camello merece,2025 la cuenta que tu camello merece - bancodebogota.com
https://www.bancodebogota.com/tyc/2025-impuestos-dian-tasa-especial,1,200,missing_description,53,15,Tasas Especiales para Pago de Impuestos,2025 impuestos dian tasa especial - bancodebogota.com
https://www.bancodebogota.com/tyc/2025-impuestos-dian-tasa-politica,1,200,missing_description,53,15,Tasas para Pago de Impuestos,2025 impuestos dian tasa politica - bancodebogota.com
https://www.bancodebogota.com/tyc/2025-la-expedicion-del-camello,1,200,missing_description,50,15,Campaña “La Expedición del camello”,2025 la expedicion del camello - bancodebogota.com
https://www.bancodebogota.com/tyc/2025-la-ruta-dorada-del-camello,1,200,missing_description,51,15,Campaña “La ruta dorada del camello”,2025 la ruta dorada del camello - bancodebogota.com
https://www.bancodebogota.com/tyc/2025-mercado-pago-cero-interes,1,200,missing_description,50,15,Campaña “Mercado Pago 0% de interés”,2025 mercado pago cero interes - bancodebogota.com
https://www.bancodebogota.com/tyc/2025-reglamento-y-beneficios-tc-on,1,200,missing_description,54,15,BENEFICIOS APLICABLES A LA TC CRÉDITO ON,2025 reglamento y beneficios tc on - bancodebogota.com
https://www.bancodebogota.com/tyc/2025-libre-destino-express,1,200,missing_description,46,15,Libre Destino Bonos Kift,2025 libre destino express - bancodebogota.com
https://www.bancodebogota.com/tyc/2025-listo-para-ganar,1,200,missing_description,41,15,Campaña “Listo para pagar”,2025 listo para ganar - bancodebogota.com
https://www.bancodebogota.com/tyc/2025-pladani-masivo,1,200,missing_description,39,15,Campaña “Mail masivo PLADANI”,2025-pladani-masivo - bancodebogota.com
https://www.bancodebogota.com/tyc/2025-mercado-libre,1,200,missing_description,38,15,Campaña Mercado Libre – Mercado Pago,2025 mercado libre - bancodebogota.com
https://www.bancodebogota.com/tyc/2025-ofertas-viajes-shop-b2b,1,200,missing_description,48,15,OFERTAS SITE DE VIAJES BANCO DE BOGOTA,2025 ofertas viajes shop b2b - bancodebogota.com
https://www.bancodebogota.com/tyc/2025-recibe-pagos-con-qr-y-gana,1,200,missing_description,51,15,Beneficio: ¡Recibe pagos con tu QR y gana!,2025 recibe pagos con qr y gana - bancodebogota.com
https://www.bancodebogota.com/tyc/2025-plan-camelladores,1,200,missing_description,42,15,Campaña “Plan Camelladores”,2025 plan camelladores - bancodebogota.com
https://www.bancodebogota.com/tyc/2025-preventa-experiencia-del-futbol,1,200,missing_description,56,15,Experiencia del fútbol más grande del planeta,2025 preventa experiencia del futbol - bancodebogota.com
https://www.bancodebogota.com/tyc/2025-poder-financiero-crediservice,1,200,missing_description,54,15,Campaña Despierta tu poder finanicero,2025 poder financiero crediservice - bancodebogota.com
https://www.bancodebogota.com/tyc/2025-llaves-bre-b-te-abren-las-puertas,1,200,missing_description,58,15,¡Las llaves de Bre-B te abren las puertas!,2025 llaves bre b te abren las puertas - bancodebogota.com
https://www.bancodebogota.com/tyc/2025-llego-bre-b-beneficios,1,200,missing_description,47,15,Llegó Bre-B. Recibe un beneficio.,2025 llego bre b beneficios - bancodebogota.com
https://www.bancodebogota.com/tyc/2025-mac-center-0-intereses,1,200,missing_description,47,15,0% de interés MAC CENTER COLOMBIA SAS.,2025 mac center 0 intereses - bancodebogota.com
https://www.bancodebogota.com/tyc/2025-registra-tus-llaves-bre-b-agosto,1,200,missing_description,57,15,Beneficio: Registra tus llaves de Bre-B,2025 registra tus llaves bre b agosto - bancodebogota.com
https://www.bancodebogota.com/tyc/2025-programa-lealtad-tuplus,1,200,missing_description,48,15,Programa de lealtad tuplús,2025 programa lealtad tuplus - bancodebogota.com
https://www.bancodebogota.com/tyc/2025-regreso-a-clases-enero,1,200,missing_description,47,15,Campaña “Regreso a clases | enero 2026”,2025 regreso a clases enero - bancodebogota.com
https://www.bancodebogota.com/tyc/2025-suenos-de-cancha,1,200,missing_description,41,15,Campaña “Sueños de cancha”,2025 suenos de cancha - bancodebogota.com
https://www.bancodebogota.com/tyc/2025-retencion-novacion,1,200,missing_description,43,15,Retención novación,2025 retencion novacion - bancodebogota.com
https://www.bancodebogota.com/tyc/2025-tag-aval-bonos,1,200,missing_description,39,15,Bonos Digitales Tag Aval,2025 tag aval bonos - bancodebogota.com
https://www.bancodebogota.com/tyc/2025-retencion-para-ampliacion-plazo,1,200,missing_description,56,15,Retención para ampliación de plazo,2025 retencion para ampliacion plazo - bancodebogota.com
https://www.bancodebogota.com/tyc/2025-tasa-especial-compra-de-cartera,1,200,missing_description,56,15,Tasa especial de compra de cartera,2025 tasa especial compra de cartera - bancodebogota.com
https://www.bancodebogota.com/tyc/2025-tasa-especial-para-disminucion-cuota,1,200,missing_description,61,15,Tasa especial para disminución de cuota,2025 tasa especial para disminucion cuota - bancodebogota.com
https://www.bancodebogota.com/tyc/2025-tarjeta-credito-cero-porciento-interes,1,200,missing_description,63,15,Campaña Tarjeta de crédito 0% interés,2025 tarjeta credito cero porciento interes - bancodebogota.com
https://www.bancodebogota.com/tyc/2025-tasas-especiales-avances,1,200,missing_description,49,15,Tasas especiales para avances,2025 tasas especiales avances - bancodebogota.com
https://www.bancodebogota.com/tyc/2025-tasas-de-politica,1,200,missing_description,42,15,Tasas para Pago de Impuestos,2025-tasas-de-politica - bancodebogota.com
https://www.bancodebogota.com/tyc/2025-tasas-de-politica-2025,1,200,missing_description,47,15,Tasas para Pago de Impuestos,2025 tasas de politica 2025 - bancodebogota.com
https://www.bancodebogota.com/tyc/2025-tasas-especiales-impuestos,1,200,missing_description,51,15,Tasa Especial para Pago de Impuestos,2025 tasas especiales impuestos - bancodebogota.com
https://www.bancodebogota.com/tyc/2025-tasas-pago-impuestos-2025,1,200,missing_description,50,15,Tasas Especiales para pago de Impuestos,2025 tasas pago impuestos 2025 - bancodebogota.com
https://www.bancodebogota.com/tyc/2025-tasas-especiales-no-avanceros,1,200,missing_description,54,15,Tasas especiales para avances,2025 tasas especiales no avanceros - bancodebogota.com
https://www.bancodebogota.com/tyc/2025-tc-0-ishop-colombia,1,200,missing_description,44,15,0% de interés ALIANZA I SHOP COLOMBIA SAS.,2025 tc 0 ishop colombia - bancodebogota.com
https://www.bancodebogota.com/tyc/2025-tus-compras-te-hacen-ganador-td,1,200,missing_description,56,15,Campaña “Tus compras te hacen ganador TD”,2025 tus compras te hacen ganador td - bancodebogota.com
https://www.bancodebogota.com/tyc/2025-tus-avances-premian-3.0,1,200,missing_description,48,15,Tus avances te premian Tarjeta Crédito,2025-tus-avances-premian-3.0 - bancodebogota.com
https://www.bancodebogota.com/tyc/2025-tigo-0-porciento-interes,1,200,missing_description,49,15,TIGO (Colombia Móvil S. A. E. S. P.),2025 tigo 0 porciento interes - bancodebogota.com
https://www.bancodebogota.com/tyc/2025-tus-avances-te-premian-noviembre,1,200,missing_description,57,15,Tus avances te premian | noviembre 2025,2025 tus avances te premian noviembre - bancodebogota.com
https://www.bancodebogota.com/tyc/2025-uso-tasa-especial-crediservice,1,200,missing_description,55,15,Campaña Uso Tasa Especial Crediservice,2025 uso tasa especial crediservice - bancodebogota.com
https://www.bancodebogota.com/tyc/2025-tus-cosechas-cuentan-cada-compra-tambien,1,200,missing_description,65,15,"Tus cosechas cuentan, cada compra también",2025 tus cosechas cuentan cada compra tambien - bancodebogota.com
https://www.bancodebogota.com/tyc/2025-upgrade-tarjeta-de-credito,1,200,missing_description,51,15,Campaña “Upgrade Tarjeta de Crédito”,2025 upgrade tarjeta de credito - bancodebogota.com
https://www.bancodebogota.com/tyc/2025-usala-y-gana-latam-pass,1,200,missing_description,48,15,Campaña “Úsala y Gana – LATAM Pass”,2025 usala y gana latam pass - bancodebogota.com
https://www.bancodebogota.com/tyc/2025-usame-y-disfruta-cuenta-de-ahorros,1,200,missing_description,61,15,“Úsame y disfruta - Cuenta de Ahorros”,2025 úsame y disfruta - cuenta de ahorros - bancodebogota.com
https://www.bancodebogota.com/tyc/2025-vamos-a-la-experiencia-del-futbol-afluente,1,200,title_too_long;missing_description,67,15,¡Vamos a la experiencia del fútbol más grande!,2025 vamos a la experiencia del futbol afluente - bancodebogota.com
https://www.bancodebogota.com/tyc/2025-usala-y-gana-latam-pass-mas-cuotas,1,200,missing_description,59,15,Campaña “Úsala y Gana – LATAM Pass”,2025 usala y gana latam pass mas cuotas - bancodebogota.com
https://www.bancodebogota.com/tyc/2025-vuelve-a-usarla-y-gana,1,200,missing_description,47,15,Vuelve a usarla y gana Julio 2025,2025 vuelve a usarla y gana - bancodebogota.com
https://www.bancodebogota.com/tyc/2025-vacaciones-tarjeta-credito,1,200,missing_description,51,15,Campaña “Vacaciones – Tarjeta de Crédito”,2025 vacaciones tarjeta credito - bancodebogota.com
https://www.bancodebogota.com/tyc/2025-vamos-a-la-experiencia-del-futbol-masivo,1,200,missing_description,65,15,¡Vamos a la experiencia del fútbol más grande!,2025 vamos a la experiencia del futbol masivo - bancodebogota.com
https://www.bancodebogota.com/tyc/2025-vida-pensionado,1,200,missing_description,40,15,Campaña “Vida de Pensionado”,2025 vida pensionado - bancodebogota.com
https://www.bancodebogota.com/tyc/2025-vamos-a-la-experiencia-del-futbol-nuevos,1,200,missing_description,65,15,¡Vamos a la experiencia del fútbol más grande!,2025 vamos a la experiencia del futbol nuevos - bancodebogota.com
https://www.bancodebogota.com/tyc/2026,1,200,title_too_short;missing_description;thin_content,24,15,2026,2026 - bancodebogota.com
https://www.bancodebogota.com/tyc/2025-vuelve-a-usarla-y-gana-septiembre,1,200,missing_description,58,15,Vuelve a usarla y gana Septiembre 2025,2025 vuelve a usarla y gana septiembre - bancodebogota.com
https://www.bancodebogota.com/tyc/2026/activa-tu-td-llevate-el-panini,1,200,missing_description,50,15,Activa tu tarjeta débito Visa y llévate el Panini,Activa tu td llevate el panini - bancodebogota.com
https://www.bancodebogota.com/tyc/2026/acepta-tu-tarjeta-credito-laminas-mundial,1,200,missing_description,61,15,Llévate las laminas del mundial,Acepta tu tarjeta credito laminas mundial - bancodebogota.com
https://www.bancodebogota.com/tyc/2026/ahorra-hoy-viaja-manana,1,200,missing_description,43,15,"Campaña “Ahorra hoy, viaja mañana”",Ahorra hoy viaja manana - bancodebogota.com
https://www.bancodebogota.com/tyc/2026/alianza-alfa,1,200,missing_description,32,15,Alianza “DESCUENTO ALFA”,Alianza alfa - bancodebogota.com
https://www.bancodebogota.com/tyc/2026/beneficios-especiales-cuenta-nomina-febrero,1,200,missing_description,63,15,Beneficios especiales de tu Cuenta de nómina,Beneficios especiales cuenta nomina febrero - bancodebogota.com
https://www.bancodebogota.com/tyc/2026/alianza-hot-sale-despegar,1,200,missing_description,45,15,Vuelos Internacionales Despegar,Alianza hot sale despegar - bancodebogota.com
https://www.bancodebogota.com/tyc/2026/avance-sorprender-a-mama,1,200,missing_description,44,15,Estas a un avance de sorprender a Mamá,Avance sorprender a mama - bancodebogota.com
https://www.bancodebogota.com/tyc/2026/alianza-diario-la-republica,1,200,missing_description,47,15,Alianza “DIARIO LA REPÚBLICA”,Alianza diario la republica - bancodebogota.com
https://www.bancodebogota.com/tyc/2026/beneficios-tasa-vivienda,1,200,missing_description,44,15,Beneficios especiales de tu Cuenta de nómina,Beneficios tasa vivienda - bancodebogota.com
https://www.bancodebogota.com/tyc/2026/campana-alianza-despegar-cero-porciento,1,200,missing_description,59,15,Campaña “Alianza - Despegar 0%”,Campana alianza despegar cero porciento - bancodebogota.com
https://www.bancodebogota.com/tyc/2026/campana-golazo,1,200,missing_description,34,15,Campaña “Golazo”,Campana golazo - bancodebogota.com
https://www.bancodebogota.com/tyc/2026/cdts-con-millas-lifemiles-26,1,200,missing_description,48,15,Campaña “CDTS con millas LifeMiles 26”,cdts con millas lifemiles 26 - bancodebogota.com
https://www.bancodebogota.com/tyc/2026/campana-juega-refiere-y-gana,1,200,missing_description,48,15,"Campaña “JUEGA, REFIERE Y GANA”",Campana juega refiere y gana - bancodebogota.com
https://www.bancodebogota.com/tyc/2026/cdt-campeon,1,200,missing_description,31,15,Campaña “CDT Campeón”,CDT campeon - bancodebogota.com
https://www.bancodebogota.com/tyc/2026/campania-ahorra-si,1,200,missing_description,38,15,Campaña Ahorra sí,Campania ahorra si - bancodebogota.com
https://www.bancodebogota.com/tyc/2026/cuota-comodin-post-desembolso,1,200,missing_description,49,15,Cuota en pausa Post- Desembolso,Cuota comodin post desembolso - bancodebogota.com
https://www.bancodebogota.com/tyc/2026/experiencia-importante-planeta-concierto,1,200,missing_description,60,15,Prepárate para la mejor Experiencia,Experiencia importante planeta concierto - bancodebogota.com
https://www.bancodebogota.com/tyc/2026/concurso-pasarse-el-balon,1,200,missing_description,45,15,Concurso: “Pasarse el balón”,Concurso pasarse el balon - bancodebogota.com
https://www.bancodebogota.com/tyc/2026/dia-azul-yamarinos,1,200,missing_description,38,15,Día azul,Dia azul yamarinos - bancodebogota.com
https://www.bancodebogota.com/tyc/2026/dia-de-la-madre-mercado-libre,1,200,missing_description,49,15,Campaña “Día de la madre - Mercado Libre”,Dia de la madre mercado libre - bancodebogota.com
https://www.bancodebogota.com/tyc/2026/fifa-is-all-yours-visa-enero,1,200,missing_description,48,15,Campaña “FIFA is all yours VISA”,fifa is all yours visa enero - bancodebogota.com
https://www.bancodebogota.com/tyc/2026/experiencia-del-futbol-mas-grande-generales,1,200,missing_description,63,15,¡Experiencia del fútbol más grande del planeta!,Experiencia del futbol mas grande generales - bancodebogota.com
https://www.bancodebogota.com/tyc/2026/electra-motors,1,200,missing_description,34,15,COMUNICACIÓN ELECTRA MOTORS,Electra motors - bancodebogota.com
https://www.bancodebogota.com/tyc/2026/fifa-is-all-yours-visa-marzo,1,200,missing_description,48,15,Campaña “FIFA is all yours VISA”,Fifa is all yours visa marzo - bancodebogota.com
https://www.bancodebogota.com/tyc/2026/experiencia-del-futbol-mas-grande-afluente,1,200,missing_description,62,15,¡Experiencia del fútbol más grande del planeta!,Experiencia del futbol mas grande afluente - bancodebogota.com
https://www.bancodebogota.com/tyc/2026/experiencia-del-futbol-mas-grande-masivo,1,200,missing_description,60,15,¡Experiencia del fútbol más grande del planeta!,Experiencia del futbol mas grande masivo - bancodebogota.com
https://www.bancodebogota.com/tyc/2026/impulsa-tus-planes-hoy-crediservice,1,200,missing_description,55,15,“Impulsa tus planes hoy con Crediservice”,Impulsa tus planes hoy crediservice - bancodebogota.com
https://www.bancodebogota.com/tyc/2026/hoteles-internacionales-despegar,1,200,missing_description,52,15,Hoteles Internacionales Despegar,Hoteles internacionales despegar - bancodebogota.com
https://www.bancodebogota.com/tyc/2026/fifa-is-all-yours-visa-febrero,1,200,missing_description,50,15,Campaña “FIFA is all yours VISA”,Fifa is all yours visa febrero - bancodebogota.com
https://www.bancodebogota.com/tyc/2026/el-futbol-comienza-con-la-app,1,200,missing_description,49,15,“El Fútbol Comienza con la App Banco de Bogotá.,El futbol comienza con la app - bancodebogota.com
https://www.bancodebogota.com/tyc/2026/fines-de-semana-festivos-visa,1,200,missing_description,49,15,Campaña Fines de Semana y Festivos Visa,Fines de semana festivos visa - bancodebogota.com
https://www.bancodebogota.com/tyc/2026/lg-colombia-electronics-limitada,1,200,missing_description,52,15,LG COLOMBIA ELECTRONICS LIMITADA,LG Colombia electronics limitada - bancodebogota.com
https://www.bancodebogota.com/tyc/2026/incremento-de-cuentas-dispersiones,1,200,missing_description,54,15,Incremento de Cuentas + dispersiones 2026,Incremento de cuentas dispersiones - bancodebogota.com
https://www.bancodebogota.com/tyc/2026/marca-el-gol-de-la-activacion,1,200,missing_description,49,15,Campaña “Marca el gol de la activación”,Marca el gol de la activacion - bancodebogota.com
https://www.bancodebogota.com/tyc/2026/la-jugada-perfecta-tarjeta-debito,1,200,missing_description,53,15,“La Jugada Perfecta – Tarjeta Débito”,La jugada perfecta tarjeta debito - bancodebogota.com
https://www.bancodebogota.com/tyc/2026/la-jugada-perfecta,1,200,missing_description,38,15,Campaña “¡La jugada perfecta!”,La jugada perfecta - bancodebogota.com
https://www.bancodebogota.com/tyc/2026/mas-compras-mas-ganas-copa-mundial,1,200,missing_description,54,15,"Más compras, más ganas - Copa Mundial",Mas compras mas ganas copa mundial - bancodebogota.com
https://www.bancodebogota.com/tyc/2026/mastercard-cada-compra-suma,1,200,missing_description,47,15,Campaña MasterCard – ¡Cada compra suma!,Mastercard cada compra suma - bancodebogota.com
https://www.bancodebogota.com/tyc/2026/mastercard-dia-de-la-mujer,1,200,missing_description,46,15,Campaña Mastercard – Día de la mujer 2026,Mastercard dia de la mujer - bancodebogota.com
https://www.bancodebogota.com/tyc/2026/mastercard-mes-de-la-madre,1,200,missing_description,46,15,Campaña Mastercard – Mes de la Madre 2026,Mastercard mes de la madre - bancodebogota.com
https://www.bancodebogota.com/tyc/2026/movilizador-crediconvenio-industria-motos,1,200,missing_description,61,15,CrediConvenio: Industria Motos,Movilizador crediconvenio industria motos - bancodebogota.com
https://www.bancodebogota.com/tyc/2026/millas-extra-lifemiles-tuplus,1,200,missing_description,51,15,“Millas extra Lifemiles - Tuplús”,Millas extra Lifemiles - Tuplús - bancodebogota.com
https://www.bancodebogota.com/tyc/2026/movilizador-crediconvenio-otras-industrias,1,200,missing_description,62,15,CrediConvenio: Otras Industrias,Movilizador crediconvenio otras industrias - bancodebogota.com
https://www.bancodebogota.com/tyc/2026/mercado-pago-hot-days,1,200,missing_description,41,15,CAMPAÑA “Mercado Pago-Junio”,Mercado pago hot days - bancodebogota.com
https://www.bancodebogota.com/tyc/2026/novacion-credito-libranza,1,200,missing_description,45,15,Novación en Crédito de Libranza,Novacion credito libranza - bancodebogota.com
https://www.bancodebogota.com/tyc/2026/ofertas-site-viajes-junio,1,200,missing_description,45,15,OFERTAS SITE DE VIAJES BANCO DE BOGOTA,Ofertas site viajes junio - bancodebogota.com
https://www.bancodebogota.com/tyc/2026/ofertas-viajes-shop-b2b,1,200,missing_description,43,15,OFERTAS SITE DE VIAJES BANCO DE BOGOTA,Ofertas viajes shop b2b - bancodebogota.com
https://www.bancodebogota.com/tyc/2026/recibe-transferencias-a-cuentas-bdb-con-bre-b,1,200,missing_description,65,15,Recibe tus transferencias y gana!,Recibe transferencias a cuentas bdb con bre b - bancodebogota.com
https://www.bancodebogota.com/tyc/2026/primeros-60-activar-comprar,1,200,missing_description,47,15,“Los Primeros 60 en Activar y Comprar”,Primeros 60 activar comprar - bancodebogota.com
https://www.bancodebogota.com/tyc/2026/retos-facturacion-tarjeta-credito,1,200,missing_description,53,15,Retos de Facturación Tarjeta de Crédito,Retos facturacion tarjeta credito - bancodebogota.com
https://www.bancodebogota.com/tyc/2026/tu-tarjeta-credito-te-pone-a-jugar,1,200,missing_description,54,15,Campaña “Tu Tarjeta Crédito te Pone a Jugar,Tu tarjeta credito te pone a jugar - bancodebogota.com
https://www.bancodebogota.com/tyc/2026/san-valentin-mastercard-2026,1,200,missing_description,48,15,Campaña “San Valentín Mastercard  2026”,San valentin mastercard 2026 - bancodebogota.com
https://www.bancodebogota.com/tyc/2026/tarjeta-credito-on-al-natural,1,200,missing_description,49,15,TARJETA DE CRÉDITO ON AL NATURAL,Tarjeta credito on al natural - bancodebogota.com
https://www.bancodebogota.com/tyc/2026/tu-tarjeta-debito-te-lleva-al-mundial,1,200,missing_description,57,15,“Tu Tarjeta Débito te Lleva al Mundial”,Tu tarjeta debito te lleva al mundial - bancodebogota.com
https://www.bancodebogota.com/tyc/2026/tomorrowland-tu-boleta,1,200,missing_description,42,15,Tomorrowland Tuboleta.com,Tomorrowland tu boleta - bancodebogota.com
https://www.bancodebogota.com/tyc/2026/tu-camello-te-lleva-mas-lejos,1,200,missing_description,49,15,Campaña “Tu camello te lleva más lejos”,Tu camello te lleva mas lejos - bancodebogota.com
https://www.bancodebogota.com/tyc/2026/tu-tarjeta-debito-te-pone-a-jugar,1,200,missing_description,53,15,Campaña “Tu Tarjeta Debito te Pone a Jugar,Tu tarjeta debito te pone a jugar - bancodebogota.com
https://www.bancodebogota.com/tyc/2026/tu-ticket-al-mundial,1,200,missing_description,40,15,Campaña “Tu Ticket al Mundial”,Tu ticket al mundial - bancodebogota.com
https://www.bancodebogota.com/tyc/2026/tus-compras-te-premian-td,1,200,missing_description,45,15,Tus compras te premian – Tarjeta Débito Visa,Tus compras te premian td - bancodebogota.com
https://www.bancodebogota.com/tyc/2026/uso-servicio-apple-pay,1,200,missing_description,42,15,Uso del servicio Apple Pay,Uso servicio apple pay - bancodebogota.com
https://www.bancodebogota.com/tyc/2026/vive-tu-mundial-fifa-generales,1,200,missing_description,50,15,Campaña “Vive la Copa Mundial de la FIFA 26™”,Vive tu mundial fifa generales - bancodebogota.com
https://www.bancodebogota.com/tyc/2026/vive-tu-mundial-fifa-masivo,1,200,missing_description,47,15,Campaña “Vive la Copa Mundial de la FIFA 26™”,Vive tu mundial fifa masivo - bancodebogota.com
https://www.bancodebogota.com/tyc/2026/vive-tu-mundial-fifa-afluente,1,200,missing_description,49,15,Campaña “Vive la Copa Mundial de la FIFA 26™”,Vive tu mundial fifa afluente - bancodebogota.com
https://www.bancodebogota.com/fifa-2026,1,200,title_too_long,73,110,¡Vive la Copa Mundial de la FIFA 2026™!,Tarjetas Visa | Vive la Copa Mundial de la FIFA 2026™ - bancodebogota.com
https://www.bancodebogota.com/personas/creditos,2,200,title_too_long;description_too_long,89,167,Disfruta de momentos únicos con un crédito,"Créditos y prestamos | Para vehículo, vivienda, libre inversión y más - bancodebogota.com"
https://www.bancodebogota.com/personas/tarjetas-de-credito/on,1,200,title_too_long,83,143,Dale ON a la devoluciÓN,Tarjeta de Crédito ON | 5% Cashback en todas tus compras online - bancodebogota.com
https://www.bancodebogota.com/personas/tarjetas-de-credito/clasica,2,200,title_too_long,82,151,Tarjeta de crédito Clásica,Tarjeta de Crédito Clásica | Hasta 6 meses sin cuota de manejo - bancodebogota.com
https://www.bancodebogota.com/personas/tarjetas-de-credito/gold,2,200,title_too_long,72,152,Tarjeta de crédito Gold,Tarjeta de Crédito Gold | Beneficios Premium para ti - bancodebogota.com
https://www.bancodebogota.com/personas/creditos/ceropay,2,200,title_too_long;description_too_long,78,163,Compra con CeroPay a 4 cuotas sin interés,¿Qué es CeroPay y cómo funciona? Paga a cuotas sin interés - bancodebogota.com
https://www.bancodebogota.com/personas/tarjetas-de-credito/economia,2,200,title_too_long,94,156,Ahorra más con Tarjeta de crédito Economía,Tarjeta de Crédito Economía | 5 % Cashback en Supermercados y Restaurantes - bancodebogota.com
https://www.bancodebogota.com/personas/tarjetas-de-credito/platinum,2,200,title_too_long;description_too_long,99,163,Tarjeta de crédito Platinum,"Tarjeta de Crédito Platinum | Puntos 2× USD, Concierge, Priority Pass y Seguros - bancodebogota.com"
https://www.bancodebogota.com/personas/cuenta-de-ahorros/alcancias,2,200,description_too_long,57,166,Ahorra con propósito en alcancías digitales,Alcancías | Ahorra y cumple tus Metas - bancodebogota.com
https://www.bancodebogota.com/atencion-al-cliente/canales/transacciones/bloqueos,2,200,title_too_short;missing_description;missing_canonical,28,15,Bloqueos,Bloqueos - bancodebogota.com
https://www.bancodebogota.com/atencion-al-cliente/canales/,2,200,title_too_short;missing_description,27,15,Canales del Banco de Bogotá,Canales - bancodebogota.com
https://www.bancodebogota.com/atenci%C3%B3n-al-cliente/preguntas-frecuentes/medios-de-pago/datafono-fisico,2,404,missing_description;missing_h1;missing_canonical,30,15,,Pagina 404 - bancodebogota.com
https://www.bancodebogota.com/servilinea,2,404,missing_description;missing_h1;missing_canonical,30,15,,Pagina 404 - bancodebogota.com
https://www.bancodebogota.com/personas/cuenta-de-ahorros/nomina,2,200,title_too_long,67,146,Cuenta de Nómina,"Cuenta de Nómina | Beneficios, descuentos y más - bancodebogota.com"
https://www.bancodebogota.com/personas/cuenta-corriente,2,200,title_too_long,75,150,Cuenta corriente del Banco de Bogotá,Cuenta Corriente Banco de Bogotá | Liquidez y Sobregiro - bancodebogota.com
https://www.bancodebogota.com/personas/cuenta-de-ahorros/tarjetas-debito/clasica,2,200,title_too_long;description_too_long,69,166,Tarjeta débito Clásica,Tarjeta Débito Clásica | Tu Dinero Siempre a Mano - bancodebogota.com
https://www.bancodebogota.com/banca-personas/pensionados,2,200,title_too_long,71,154,Experiencia pensionados,Banca Experiencia | La generación que no se detiene - bancodebogota.com
https://www.bancodebogota.com/personas/tarjetas-de-credito/signature-latam-pass,2,200,title_too_long,86,147,Tarjeta de crédito Signature LATAM Pass,"Tarjeta Signature LATAM Pass | Millas 2,25×, VIP y Equipaje Gratis - bancodebogota.com"
https://www.bancodebogota.com/personas/tarjetas-de-credito/platinum-latam-pass,2,200,title_too_long,89,147,Tarjeta de crédito Platinum LATAM Pass,"Tarjeta Platinum LATAM Pass | Millas Premium, VIP y Viajes con Estilo - bancodebogota.com"
https://www.bancodebogota.com/personas/leasing,2,200,title_too_long,67,156,¡Pagamos tu impuesto Leasing!,Leasing | Beneficios Tributarios y Financiación - bancodebogota.com
https://www.bancodebogota.com/personas/cuenta-de-ahorros/premium,2,200,title_too_long,77,158,Cuenta de ahorros Premium,Cuenta de ahorros Premium | Rentabilidad y Beneficios VIP - bancodebogota.com
https://www.bancodebogota.com/personas/cuenta-de-ahorros/pensionados,2,200,title_too_long,77,157,Cuenta pensionados,Cuenta para Pensionados | Recibe tu Mesada Fácil y Seguro - bancodebogota.com
https://www.bancodebogota.com/personas/cuenta-de-ahorros/tarjetas-debito/preferente,2,200,title_too_long,67,155,Tarjeta Débito Platinum,Tarjeta Débito Preferente | Beneficios Platinum - bancodebogota.com
https://www.bancodebogota.com/personas/tarjetas-de-credito/signature,2,200,title_too_long,101,145,Tarjeta de crédito Signature,"Tarjeta de Crédito Visa Signature | Viajes Seguros, Puntos Dobles y 7 Accesos VIP - bancodebogota.com"
https://www.bancodebogota.com/personas/tarjetas-de-credito/clasica-latam-pass,2,200,title_too_long,80,145,Tarjeta de crédito Clásica LATAM Pass,Tarjeta Clásica LATAM Pass| Acumula Millas y Viaja Más Lejos - bancodebogota.com
https://www.bancodebogota.com/atencion-al-cliente/preguntas-frecuentes/credito-de-vivienda,2,404,missing_description;missing_h1;missing_canonical,30,15,,Pagina 404 - bancodebogota.com
https://www.bancodebogota.com/personas/cuenta-de-ahorros/tarjetas-debito,2,200,title_too_long,71,159,Tarjetas débito Banco de Bogotá,Tarjetas Débito | Beneficios y grandes experiencias - bancodebogota.com
https://www.bancodebogota.com/empresas/soluciones-fiduciarias/fiducia-de-administracion/administracion-y-pagos,2,200,missing_description,42,15,Administración y pagos,Administración y pagos - bancodebogota.com
https://www.bancodebogota.com/personas/creditos/portafolio-vivienda/vivienda,2,200,title_too_long;description_too_long,71,163,Crédito de vivienda,Crédito de Vivienda - Solicítalo ya | Nueva o Usada - bancodebogota.com
https://www.bancodebogota.com/empresas/productos-de-credito/capital-de-trabajo/cupo-rotativo-para-pago,2,404,missing_description;missing_h1;missing_canonical,30,15,,Pagina 404 - bancodebogota.com
https://www.bancodebogota.com/empresas/soluciones-fiduciarias,2,200,title_too_short;missing_description,28,15,Fiducias,Fiducias - bancodebogota.com
https://www.bancodebogota.com/consulta-tasas-y-tarifas,2,404,missing_description;missing_h1;missing_canonical,30,15,,Pagina 404 - bancodebogota.com
https://www.bancodebogota.com/personas/cuenta-de-ahorros/remesas-internacionales,2,200,title_too_long,71,156,Un giro que acerca a las familias que están lejos,Recibe Remesas Internacionales | Tasas y Beneficios - bancodebogota.com
https://www.bancodebogota.com/personas/tarjetas-de-credito/asistencias,2,200,title_too_long,84,140,Asistencias,"Asistencias tarjetas de crédito | Hogar, Médico y Viajes seguros - bancodebogota.com"
https://www.bancodebogota.com/personas/tarjetas-de-credito/gold-latam-pass,2,200,title_too_long,72,139,Tarjeta de crédito Gold LATAM Pass,Tarjeta de Crédito Gold LATAM Pass | Viajes y Millas - bancodebogota.com
https://www.bancodebogota.com/personas/cuenta-de-ahorros/tarjetas-debito/amazonia,2,200,title_too_long,83,152,Tarjeta débito Amazonía,Tarjeta Débito Amazonía | Prótege el planeta y siembra un árbol - bancodebogota.com
https://www.bancodebogota.com/personas/tarjetas-de-credito/black-master,2,200,title_too_short,25,149,Tarjeta de Crédito Black Mastercard,Black - bancodebogota.com
https://www.bancodebogota.com/personas/tarjetas-de-credito/aliada,2,200,title_too_long,89,145,Tarjeta de crédito Aliada,Tarjeta de Crédito Aliada | Cupo desde $500 000 y más de 200 alianzas - bancodebogota.com
https://www.bancodebogota.com/personas/tarjetas-de-credito/movistar,2,200,title_too_long,95,152,Tarjeta de crédito Movistar Aliada,Tarjeta de Crédito Movistar | 20 % en primer compra y 10 % en factura móvil - bancodebogota.com
https://www.bancodebogota.com/personas/cuenta-de-ahorros/tarjetas-debito/unicef,2,200,title_too_long;description_too_long,79,161,Tarjeta Débito UNICEF,Tarjeta Débito UNICEF | Beneficios y Responsabilidad Social - bancodebogota.com
https://www.bancodebogota.com/personas/tarjetas-de-credito/asistencias/visa-airport-companion,2,200,title_too_long,84,140,Tu experiencia de viaje en una sola app,"Asistencias tarjetas de crédito | Hogar, Médico y Viajes seguros - bancodebogota.com"
https://www.bancodebogota.com/personas/tarjetas-de-credito/movistar-clasica,2,200,title_too_long,93,155,Tarjeta de crédito Movistar Clásica,Tarjeta de Crédito Movistar Clásica | 0 % de interés en tu primera compra - bancodebogota.com
https://www.bancodebogota.com/personas/tarjetas-de-credito/biomax-clasica,2,200,title_too_long,81,151,Tarjeta de crédito Biomax Clásica,Tarjeta Biomax Clásica | Hasta 10% de Cashback en combustible - bancodebogota.com
https://www.bancodebogota.com/personas/tarjetas-de-credito/movistar-gold,2,200,title_too_long,82,155,Tarjeta de crédito Movistar Gold,Tarjeta Movistar Gold | 20 % de descuento en tu primera compra - bancodebogota.com
https://www.bancodebogota.com/personas/tarjetas-de-credito/premium,2,200,title_too_short,27,149,¡Ya llegó tu Tarjeta de  Crédito Premium!,Premium - bancodebogota.com
https://www.bancodebogota.com/personas/tarjetas-de-credito/biomax-gold,2,200,title_too_long,73,147,Tarjeta de crédito Biomax Gold,Tarjeta Biomax Gold | Hasta 10 % Cashback en Gasolina - bancodebogota.com
https://www.bancodebogota.com/personas/tarjetas-de-credito/pago-minimo-alterno,2,200,description_too_long,64,163,Pago Mínimo Alterno (PMA),Pago Mínimo Alterno | Qué es y cómo funciona - bancodebogota.com
https://www.bancodebogota.com/personas/tarjetas-de-credito/cuota-de-manejo,2,200,title_too_long,80,151,Cuota de manejo,Cuota de Manejo Tarjetas de Crédito | Qué es y cómo funciona - bancodebogota.com
https://www.bancodebogota.com/personas/tarjetas-de-credito/asistencias/salas-vip-tc-black-mastercard,2,200,title_too_long,84,140,Convierte tu espera en un momento VIP,"Asistencias tarjetas de crédito | Hogar, Médico y Viajes seguros - bancodebogota.com"
https://www.bancodebogota.com/personas/tarjetas-de-credito/instacupo,2,200,title_too_long,89,148,Instacupo,¿Qué es Instacupo y cómo solicitarlo? | Dinero inmediato en tu cuenta - bancodebogota.com
https://www.bancodebogota.com/personas/tarjetas-de-credito/premium/master,2,200,title_too_long,86,154,Experiencias a tu altura,Tarjeta Mastercard Black BdB | Priority Pass y Asistencias Premium - bancodebogota.com
https://www.bancodebogota.com/personas/tarjetas-de-credito/premium/visa,2,200,title_too_long,69,142,Porque tú no te conformas con poco,Tarjeta Visa Premium | Grandes beneficios para ti - bancodebogota.com
https://www.bancodebogota.com/personas/cuenta-de-ahorros/transferencia,2,200,title_too_long;description_too_long,74,177,Transferencias bancarias,Transferencias | Envía Dinero rápido y fácil con Bre-B - bancodebogota.com
https://www.bancodebogota.com/personas/tarjetas-de-credito/masivo,2,200,title_too_short,26,149,La vida no espera y tú tampoco,Masivo - bancodebogota.com
https://www.bancodebogota.com/personas/creditos/portafolio-vivienda/vivienda-sostenible,2,200,title_too_long,77,159,Crédito vivienda sostenible,Vivienda Sostenible en Colombia: Financiación y Proyectos - bancodebogota.com
https://www.bancodebogota.com/personas/creditos/portafolio-vivienda/reduce-tu-cuota,2,200,title_too_long;description_too_long,69,162,Reduce tu cuota,¿Cómo Reducir la Cuota de tu Crédito de Vivienda? - bancodebogota.com
https://www.bancodebogota.com/personas/creditos/portafolio-vivienda/credito-remodelacion,2,200,description_too_long,65,161,Crédito de remodelación,Crédito para Remodelación | Valoriza tu Hogar - bancodebogota.com
https://www.bancodebogota.com/personas/creditos/motos-de-alto-cilindraje,2,200,title_too_long,86,146,Motos de alto cilindraje,Crédito para Motos de Alto Cilindraje | Financia tu Marca Favorita - bancodebogota.com
https://www.bancodebogota.com/personas/creditos/comprar-moto-colombia,2,200,title_too_long,80,151,¿Cómo comprar una moto en Colombia?,¿Cuánto cuesta comprar una moto en Colombia? | Guía Completa - bancodebogota.com
https://www.bancodebogota.com/personas/seguros/cancer-femenino,2,200,missing_description;missing_canonical,35,15,Cáncer femenino,Cáncer femenino - bancodebogota.com
https://www.bancodebogota.com/fifa-2026/golden-ticket,2,200,title_too_long;description_too_long,82,179,Vamos al estadio con un Golden Ticket,"Golden Ticket | Viaja con todo incluido a USA, Canadá y México - bancodebogota.com"
https://www.bancodebogota.com/fifa-2026/skyboxes,2,200,title_too_long;description_too_long,73,172,Disfruta la pasión en un skybox,Skyboxes mundial 2026 | Entrada a palcos VIP con Visa - bancodebogota.com
https://www.bancodebogota.com/fifa-2026/equipate-mundial,2,200,title_too_long,74,142,Conéctate en casa con la fiesta del fútbol,Electrodomésticos para ver el mundial 2026| TV y audio - bancodebogota.com
https://www.bancodebogota.com/fifa-2026/hospitality-package,2,200,title_too_long;description_too_long,67,172,Conoce los Hospitality Packages,Mundial 2026 | Paquetes de hospitalidad premium - bancodebogota.com
https://www.bancodebogota.com/fifa-2026-en,2,200,title_too_long,73,110,Now the heart beats on the field,Tarjetas Visa | Vive la Copa Mundial de la FIFA 2026™ - bancodebogota.com
https://www.bancodebogota.com/fifa-2026/sedes,2,200,title_too_long;description_too_long,67,164,Vamos a las ciudades sede,Sedes mundial 2026 | Destinos y beneficios Visa - bancodebogota.com
https://www.bancodebogota.com/fifa-2026/ganadores-records-de-la-copa,2,200,missing_description;missing_canonical,50,15,Ganadores y récords de la copa,Ganadores y récords de la copa - bancodebogota.com
https://www.bancodebogota.com/fifa-2026/cuanto-cuesta-ir-al-mundial,2,200,missing_description;missing_canonical,49,15,¿Cuánto cuesta ir al estadio en el 2026?,¿Cuánto cuesta ir al mundial? - bancodebogota.com
https://www.bancodebogota.com/fifa-2026/tips-de-ahorro,2,200,missing_description;missing_canonical,34,15,"Tips de ahorro: viaja a USA, Canadá o México",Tips de ahorro - bancodebogota.com
https://www.bancodebogota.com/cercademi/colombia/results-bogota/Ver%20Todas,2,404,missing_description;missing_h1;missing_canonical,30,15,,Pagina 404 - bancodebogota.com
https://www.bancodebogota.com/bienvenida/credito-libre-inversion,2,404,missing_description;missing_h1;missing_canonical,30,15,,Pagina 404 - bancodebogota.com
https://www.bancodebogota.com/personas/virtual.bancodebogota.com.co,2,404,missing_description;missing_h1;missing_canonical,30,15,,Pagina 404 - bancodebogota.com
https://www.bancodebogota.com/personas/tarjetas-de-credito/www.viajesbancodebogota.com/ofertas-de-viajes/fiesta-del-futbol,2,404,missing_description;missing_h1;missing_canonical,30,15,,Pagina 404 - bancodebogota.com
https://www.bancodebogota.com/personas/tarjetas-de-credito/visa.com.co/es_co/promociones/servicios-medicos-de-emergencia-internacional/153027,2,404,missing_description;missing_h1;missing_canonical,30,15,,Pagina 404 - bancodebogota.com
https://www.bancodebogota.com/tarjetas-de-credito/economia,2,404,missing_description;missing_h1;missing_canonical,30,15,,Pagina 404 - bancodebogota.com
https://www.bancodebogota.com/sostenibilidad/Biblioteca,2,200,missing_description,30,15,Biblioteca ASG,Biblioteca - bancodebogota.com
https://www.bancodebogota.com/fundacion-banco-de-bogota/educacion-y-bienestar-social/paola-monroy,2,404,missing_description;missing_h1;missing_canonical,30,15,,Pagina 404 - bancodebogota.com
https://www.bancodebogota.com/fundacion-banco-de-bogota/educacion-y-bienestar-social/alejandro-torres,2,404,missing_description;missing_h1;missing_canonical,30,15,,Pagina 404 - bancodebogota.com
https://www.bancodebogota.com/fundacion-banco-de-bogota/educacion-y-bienestar-social/cristian-ropero,2,404,missing_description;missing_h1;missing_canonical,30,15,,Pagina 404 - bancodebogota.com
https://www.bancodebogota.com/sostenibiidad/fundacion-banco-de-bogota/educacion-y-bienestar-social/paola-monroy,2,404,missing_description;missing_h1;missing_canonical,30,15,,Pagina 404 - bancodebogota.com
https://www.bancodebogota.com/fundacion-banco-de-bogota/educacion-y-bienestar-social/astrid-sarria,2,404,missing_description;missing_h1;missing_canonical,30,15,,Pagina 404 - bancodebogota.com
https://www.bancodebogota.com/programa-anticorrupcion-antisoborno,2,404,missing_description;missing_h1;missing_canonical,30,15,,Pagina 404 - bancodebogota.com
https://www.bancodebogota.com/BuscadordePuntosbogota/?entidad=bogota,2,404,missing_description;missing_h1;missing_canonical,30,15,,Pagina 404 - bancodebogota.com
https://www.bancodebogota.com/portal/page?_pageid=1773%2C163547093&_dad=portal&_schema=PORTAL,3,404,missing_description;missing_h1;missing_canonical,30,15,,Pagina 404 - bancodebogota.com
https://www.bancodebogota.com/atencion-al-cliente/servilinea,3,404,missing_description;missing_h1;missing_canonical,30,15,,Pagina 404 - bancodebogota.com
https://www.bancodebogota.com/personas/creditos/vivienda/vivienda,3,404,missing_description;missing_h1;missing_canonical,30,15,,Pagina 404 - bancodebogota.com
https://www.bancodebogota.com/seguros/cuota-protegida-independientes-crediservice,3,404,missing_description;missing_h1;missing_canonical,30,15,,Pagina 404 - bancodebogota.com
"https://www.bancodebogota.com/fifa-2026/https.www.google.com/maps/place/AT%26T+Stadium/@32.7479966,-97.0959914,17z/data=!3m1!4b1!4m6!3m5!1s0x864e7d86c8884727:0x6d1e60e88c6a9df8!8m2!3d32.7479966!4d-97.0934165!16zL20vMGc5djFx?entry=ttu&g_ep=EgoyMDI1MTAxMi4wIKXMDSoASAFQAw%3D%3D",3,404,missing_description;missing_h1;missing_canonical,30,15,,Pagina 404 - bancodebogota.com
https://www.bancodebogota.com/fifa-2026/hospitality-packages,3,404,missing_description;missing_h1;missing_canonical,30,15,,Pagina 404 - bancodebogota.com
https://www.bancodebogota.com/mitrabajo,4,404,missing_description;missing_h1;missing_canonical,30,15,,Pagina 404 - bancodebogota.com
